[
    {
        "index": 5614,
        "subsequence": [
            416.0,
            345.0,
            254.0,
            176.0,
            113.0,
            78.0,
            53.0,
            46.0,
            35.0,
            41.0,
            39.0,
            44.0,
            40.0,
            45.0,
            41.0,
            53.0,
            51.0,
            50.0,
            47.0,
            47.0,
            42.0,
            39.0,
            33.0,
            38.0,
            29.0,
            35.0,
            34.0,
            38.0,
            33.0,
            40.0,
            31.0,
            38.0,
            37.0,
            67.0,
            95.0,
            117.0,
            161.0,
            172.0,
            165.0,
            138.0,
            80.0,
            49.0,
            22.0,
            27.0,
            26.0,
            11.0,
            169.0,
            569.0,
            1189.0,
            543.0,
            36.0,
            -73.0,
            -25.0,
            2.0,
            7.0,
            10.0,
            7.0,
            11.0,
            11.0,
            29.0,
            39.0,
            55.0,
            65.0,
            89.0,
            110.0,
            147.0,
            187.0,
            254.0,
            307.0,
            373.0,
            422.0,
            467.0,
            483.0,
            459.0,
            381.0,
            303.0,
            212.0,
            156.0,
            106.0,
            82.0,
            57.0,
            56.0,
            56.0,
            50.0,
            45.0,
            50.0,
            37.0,
            44.0,
            46.0,
            49.0,
            45.0,
            51.0,
            44.0,
            47.0,
            34.0,
            30.0,
            29.0,
            23.0,
            21.0,
            34.0,
            20.0,
            22.0,
            14.0,
            27.0,
            30.0,
            60.0,
            81.0,
            106.0,
            141.0,
            148.0,
            146.0,
            120.0,
            64.0,
            37.0,
            11.0,
            10.0,
            0.0,
            -9.0,
            152.0,
            580.0,
            1156.0,
            496.0,
            6.0,
            -89.0,
            -51.0,
            -15.0,
            -11.0,
            3.0,
            -2.0,
            12.0,
            9.0,
            18.0,
            36.0,
            53.0,
            67.0,
            97.0,
            120.0,
            165.0,
            190.0,
            256.0,
            316.0,
            379.0,
            421.0,
            486.0,
            490.0,
            468.0,
            396.0,
            316.0,
            232.0,
            170.0
        ]
    },
    {
        "index": 11682,
        "subsequence": [
            -179.0,
            -198.0,
            -175.0,
            -195.0,
            -163.0,
            -132.0,
            -86.0,
            -121.0,
            -117.0,
            -137.0,
            -165.0,
            -184.0,
            -170.0,
            -198.0,
            -194.0,
            -196.0,
            -178.0,
            -215.0,
            -116.0,
            341.0,
            1253.0,
            1261.0,
            298.0,
            -69.0,
            -121.0,
            -147.0,
            -135.0,
            -157.0,
            -132.0,
            -143.0,
            -122.0,
            -132.0,
            -111.0,
            -124.0,
            -104.0,
            -110.0,
            -84.0,
            -78.0,
            -37.0,
            -17.0,
            48.0,
            68.0,
            116.0,
            115.0,
            128.0,
            85.0,
            45.0,
            -25.0,
            -63.0,
            -107.0,
            -115.0,
            -153.0,
            -140.0,
            -151.0,
            -135.0,
            -148.0,
            -132.0,
            -155.0,
            -139.0,
            -153.0,
            -140.0,
            -153.0,
            -141.0,
            -155.0,
            -148.0,
            -166.0,
            -152.0,
            -162.0,
            -143.0,
            -164.0,
            -154.0,
            -168.0,
            -147.0,
            -163.0,
            -149.0,
            -176.0,
            -154.0,
            -133.0,
            -69.0,
            -82.0,
            -82.0,
            -95.0,
            -103.0,
            -159.0,
            -145.0,
            -157.0,
            -156.0,
            -170.0,
            -155.0,
            -164.0,
            -204.0,
            81.0,
            814.0,
            1396.0,
            867.0,
            59.0,
            -95.0,
            -134.0,
            -127.0,
            -142.0,
            -127.0,
            -132.0,
            -121.0,
            -130.0,
            -111.0,
            -127.0,
            -105.0,
            -114.0,
            -92.0,
            -93.0,
            -60.0,
            -28.0,
            33.0,
            53.0,
            100.0,
            107.0,
            123.0,
            88.0,
            62.0,
            -11.0,
            -49.0,
            -105.0,
            -134.0,
            -159.0,
            -157.0,
            -184.0,
            -170.0,
            -182.0,
            -178.0,
            -187.0,
            -178.0,
            -192.0,
            -182.0,
            -185.0,
            -173.0,
            -185.0,
            -190.0,
            -217.0,
            -187.0,
            -209.0,
            -184.0,
            -199.0,
            -184.0,
            -190.0,
            -184.0,
            -197.0,
            -179.0,
            -204.0,
            -167.0,
            -138.0
        ]
    },
    {
        "index": 9447,
        "subsequence": [
            -11.0,
            -26.0,
            -8.0,
            -22.0,
            -16.0,
            -33.0,
            -16.0,
            -26.0,
            -18.0,
            -30.0,
            -8.0,
            -28.0,
            -13.0,
            -13.0,
            16.0,
            52.0,
            62.0,
            41.0,
            57.0,
            24.0,
            2.0,
            -9.0,
            7.0,
            -17.0,
            -5.0,
            -10.0,
            8.0,
            -70.0,
            212.0,
            896.0,
            1608.0,
            1110.0,
            264.0,
            73.0,
            44.0,
            10.0,
            28.0,
            20.0,
            38.0,
            22.0,
            36.0,
            22.0,
            34.0,
            30.0,
            48.0,
            47.0,
            80.0,
            72.0,
            124.0,
            145.0,
            196.0,
            222.0,
            261.0,
            254.0,
            248.0,
            195.0,
            151.0,
            86.0,
            65.0,
            26.0,
            13.0,
            -21.0,
            -10.0,
            -26.0,
            -11.0,
            -28.0,
            -17.0,
            -26.0,
            -18.0,
            -27.0,
            -21.0,
            -37.0,
            -24.0,
            -33.0,
            -27.0,
            -45.0,
            -35.0,
            -39.0,
            -28.0,
            -45.0,
            -25.0,
            -39.0,
            -27.0,
            -38.0,
            -32.0,
            -45.0,
            -10.0,
            7.0,
            54.0,
            26.0,
            29.0,
            15.0,
            -14.0,
            -40.0,
            -25.0,
            -52.0,
            -35.0,
            -46.0,
            -26.0,
            -47.0,
            -6.0,
            390.0,
            1312.0,
            1497.0,
            562.0,
            89.0,
            16.0,
            -21.0,
            -13.0,
            -23.0,
            -16.0,
            -18.0,
            -3.0,
            -21.0,
            -2.0,
            -11.0,
            8.0,
            6.0,
            24.0,
            30.0,
            71.0,
            94.0,
            156.0,
            178.0,
            225.0,
            235.0,
            243.0,
            206.0,
            161.0,
            99.0,
            61.0,
            9.0,
            -8.0,
            -41.0,
            -32.0,
            -47.0,
            -41.0,
            -64.0,
            -40.0,
            -53.0,
            -41.0,
            -44.0,
            -42.0,
            -50.0,
            -42.0,
            -59.0,
            -40.0,
            -51.0,
            -54.0,
            -56.0
        ]
    },
    {
        "index": 882,
        "subsequence": [
            430.0,
            1085.0,
            720.0,
            130.0,
            -74.0,
            -75.0,
            -11.0,
            -1.0,
            5.0,
            5.0,
            16.0,
            5.0,
            16.0,
            20.0,
            39.0,
            43.0,
            67.0,
            84.0,
            125.0,
            156.0,
            210.0,
            263.0,
            336.0,
            377.0,
            423.0,
            445.0,
            432.0,
            367.0,
            283.0,
            188.0,
            128.0,
            68.0,
            40.0,
            9.0,
            4.0,
            -2.0,
            7.0,
            -3.0,
            7.0,
            -2.0,
            5.0,
            1.0,
            13.0,
            9.0,
            11.0,
            -1.0,
            11.0,
            -3.0,
            3.0,
            -15.0,
            -6.0,
            -18.0,
            2.0,
            -5.0,
            2.0,
            -7.0,
            -1.0,
            2.0,
            34.0,
            56.0,
            82.0,
            108.0,
            132.0,
            112.0,
            92.0,
            36.0,
            12.0,
            -2.0,
            5.0,
            -17.0,
            -23.0,
            167.0,
            671.0,
            1088.0,
            361.0,
            -40.0,
            -106.0,
            -56.0,
            -25.0,
            -22.0,
            -11.0,
            -14.0,
            -2.0,
            0.0,
            15.0,
            21.0,
            40.0,
            54.0,
            83.0,
            100.0,
            148.0,
            187.0,
            254.0,
            310.0,
            382.0,
            425.0,
            467.0,
            469.0,
            431.0,
            346.0,
            264.0,
            178.0,
            124.0,
            77.0,
            56.0,
            30.0,
            36.0,
            30.0,
            33.0,
            29.0,
            35.0,
            27.0,
            32.0,
            28.0,
            33.0,
            21.0,
            26.0,
            18.0,
            22.0,
            7.0,
            14.0,
            0.0,
            2.0,
            -11.0,
            -5.0,
            -13.0,
            -7.0,
            -14.0,
            -2.0,
            -4.0,
            16.0,
            45.0,
            62.0,
            90.0,
            110.0,
            113.0,
            86.0,
            35.0,
            4.0,
            -24.0,
            -26.0,
            -35.0,
            -53.0,
            74.0,
            403.0,
            1059.0,
            564.0,
            -3.0,
            -151.0,
            -126.0
        ]
    },
    {
        "index": 11125,
        "subsequence": [
            -124.0,
            -121.0,
            -129.0,
            -169.0,
            143.0,
            933.0,
            1463.0,
            838.0,
            87.0,
            -60.0,
            -96.0,
            -98.0,
            -109.0,
            -101.0,
            -102.0,
            -90.0,
            -92.0,
            -79.0,
            -79.0,
            -74.0,
            -72.0,
            -61.0,
            -52.0,
            -16.0,
            10.0,
            56.0,
            94.0,
            128.0,
            147.0,
            161.0,
            139.0,
            107.0,
            50.0,
            -12.0,
            -51.0,
            -73.0,
            -102.0,
            -107.0,
            -122.0,
            -114.0,
            -117.0,
            -120.0,
            -116.0,
            -112.0,
            -120.0,
            -118.0,
            -114.0,
            -107.0,
            -120.0,
            -117.0,
            -126.0,
            -115.0,
            -123.0,
            -115.0,
            -121.0,
            -112.0,
            -119.0,
            -113.0,
            -114.0,
            -108.0,
            -114.0,
            -107.0,
            -98.0,
            -54.0,
            -21.0,
            -20.0,
            -28.0,
            -34.0,
            -69.0,
            -86.0,
            -82.0,
            -91.0,
            -99.0,
            -86.0,
            -102.0,
            -97.0,
            -79.0,
            309.0,
            1191.0,
            1430.0,
            519.0,
            50.0,
            -49.0,
            -57.0,
            -71.0,
            -61.0,
            -68.0,
            -56.0,
            -56.0,
            -44.0,
            -56.0,
            -31.0,
            -36.0,
            -16.0,
            -12.0,
            23.0,
            43.0,
            78.0,
            116.0,
            165.0,
            182.0,
            212.0,
            207.0,
            190.0,
            132.0,
            87.0,
            23.0,
            -2.0,
            -37.0,
            -43.0,
            -62.0,
            -52.0,
            -59.0,
            -50.0,
            -75.0,
            -55.0,
            -62.0,
            -59.0,
            -60.0,
            -50.0,
            -63.0,
            -54.0,
            -70.0,
            -52.0,
            -82.0,
            -56.0,
            -65.0,
            -55.0,
            -69.0,
            -53.0,
            -70.0,
            -56.0,
            -80.0,
            -47.0,
            -36.0,
            24.0,
            12.0,
            9.0,
            -3.0,
            -11.0,
            -51.0,
            -43.0,
            -60.0,
            -68.0,
            -68.0,
            -52.0,
            -63.0,
            -109.0,
            134.0,
            788.0
        ]
    }
]