[
    {
        "index": 6765,
        "subsequence": [
            -184.0,
            -181.0,
            -191.0,
            -181.0,
            -183.0,
            -176.0,
            -177.0,
            -179.0,
            -157.0,
            54.0,
            191.0,
            210.0,
            68.0,
            -134.0,
            -293.0,
            -231.0,
            -132.0,
            -112.0,
            -105.0,
            -89.0,
            -87.0,
            -67.0,
            -47.0,
            -37.0,
            -25.0,
            -1.0,
            18.0,
            51.0,
            79.0,
            112.0,
            138.0,
            169.0,
            180.0,
            187.0,
            181.0,
            157.0,
            107.0,
            61.0,
            13.0,
            -20.0,
            -55.0,
            -57.0,
            -67.0,
            -68.0,
            -77.0,
            -68.0,
            -74.0,
            -79.0,
            -72.0,
            -59.0,
            -69.0,
            -59.0,
            -59.0,
            -59.0,
            -67.0,
            -62.0,
            -71.0,
            -64.0,
            -58.0,
            -59.0,
            -70.0,
            -65.0,
            -66.0,
            -57.0,
            -64.0,
            -47.0,
            -34.0,
            24.0,
            -4.0,
            31.0,
            72.0,
            6.0,
            -20.0,
            -23.0,
            -69.0,
            -69.0,
            -77.0,
            -56.0,
            -64.0,
            -48.0,
            -56.0,
            -46.0,
            -58.0,
            10.0,
            180.0,
            321.0,
            307.0,
            138.0,
            17.0,
            -158.0,
            -109.0,
            -3.0,
            10.0,
            31.0,
            30.0,
            43.0,
            53.0,
            67.0,
            69.0,
            104.0,
            122.0,
            148.0,
            171.0,
            207.0,
            228.0,
            261.0,
            283.0,
            306.0,
            308.0,
            299.0,
            269.0,
            223.0,
            183.0,
            142.0,
            102.0,
            86.0,
            69.0,
            61.0,
            54.0,
            57.0,
            52.0,
            62.0,
            66.0,
            64.0,
            62.0,
            71.0,
            46.0,
            82.0,
            70.0,
            63.0,
            61.0,
            77.0,
            70.0,
            80.0,
            73.0,
            76.0,
            60.0,
            82.0,
            106.0,
            150.0,
            116.0,
            189.0,
            193.0,
            128.0,
            111.0,
            102.0,
            78.0,
            77.0,
            66.0,
            78.0
        ]
    },
    {
        "index": 11823,
        "subsequence": [
            -158.0,
            -164.0,
            -165.0,
            -160.0,
            -152.0,
            -164.0,
            -158.0,
            -150.0,
            -153.0,
            -150.0,
            -147.0,
            -143.0,
            -144.0,
            -143.0,
            -148.0,
            -143.0,
            -149.0,
            -155.0,
            -136.0,
            -124.0,
            -75.0,
            -83.0,
            -44.0,
            -6.0,
            -72.0,
            -101.0,
            -111.0,
            -145.0,
            -136.0,
            -144.0,
            -164.0,
            -130.0,
            -136.0,
            -141.0,
            -131.0,
            -129.0,
            -95.0,
            82.0,
            216.0,
            237.0,
            112.0,
            -64.0,
            -223.0,
            -190.0,
            -89.0,
            -70.0,
            -54.0,
            -49.0,
            -42.0,
            -39.0,
            -25.0,
            -12.0,
            2.0,
            19.0,
            50.0,
            71.0,
            104.0,
            128.0,
            154.0,
            167.0,
            180.0,
            189.0,
            182.0,
            155.0,
            113.0,
            68.0,
            24.0,
            -13.0,
            -29.0,
            -60.0,
            -65.0,
            -74.0,
            -86.0,
            -59.0,
            -71.0,
            -69.0,
            -73.0,
            -74.0,
            -64.0,
            -69.0,
            -74.0,
            -67.0,
            -75.0,
            -76.0,
            -77.0,
            -76.0,
            -78.0,
            -83.0,
            -76.0,
            -49.0,
            -10.0,
            -27.0,
            -11.0,
            47.0,
            -36.0,
            -51.0,
            -64.0,
            -104.0,
            -118.0,
            -115.0,
            -125.0,
            -126.0,
            -123.0,
            -126.0,
            -122.0,
            -122.0,
            -88.0,
            96.0,
            237.0,
            234.0,
            97.0,
            -49.0,
            -215.0,
            -196.0,
            -109.0,
            -69.0,
            -70.0,
            -65.0,
            -54.0,
            -45.0,
            -38.0,
            -22.0,
            -15.0,
            7.0,
            24.0,
            50.0,
            61.0,
            97.0,
            120.0,
            138.0,
            155.0,
            157.0,
            134.0,
            103.0,
            66.0,
            16.0,
            -33.0,
            -56.0,
            -79.0,
            -111.0,
            -112.0,
            -122.0,
            -137.0,
            -138.0,
            -137.0,
            -136.0,
            -132.0,
            -138.0,
            -137.0,
            -139.0
        ]
    },
    {
        "index": 4737,
        "subsequence": [
            34.0,
            27.0,
            36.0,
            30.0,
            29.0,
            34.0,
            31.0,
            33.0,
            32.0,
            28.0,
            32.0,
            24.0,
            33.0,
            20.0,
            30.0,
            22.0,
            28.0,
            17.0,
            38.0,
            62.0,
            117.0,
            88.0,
            75.0,
            65.0,
            35.0,
            19.0,
            24.0,
            18.0,
            3.0,
            0.0,
            5.0,
            0.0,
            7.0,
            403.0,
            1323.0,
            1534.0,
            632.0,
            136.0,
            42.0,
            19.0,
            14.0,
            8.0,
            12.0,
            16.0,
            16.0,
            7.0,
            18.0,
            13.0,
            19.0,
            23.0,
            38.0,
            50.0,
            77.0,
            110.0,
            145.0,
            186.0,
            220.0,
            231.0,
            230.0,
            198.0,
            146.0,
            93.0,
            42.0,
            3.0,
            -22.0,
            -42.0,
            -50.0,
            -65.0,
            -59.0,
            -84.0,
            -55.0,
            -66.0,
            -69.0,
            -78.0,
            -74.0,
            -83.0,
            -75.0,
            -87.0,
            -94.0,
            -86.0,
            -96.0,
            -103.0,
            -102.0,
            -104.0,
            -101.0,
            -105.0,
            -102.0,
            -112.0,
            -103.0,
            -112.0,
            -114.0,
            -114.0,
            -80.0,
            -29.0,
            -42.0,
            -59.0,
            -62.0,
            -102.0,
            -124.0,
            -124.0,
            -126.0,
            -138.0,
            -132.0,
            -136.0,
            -132.0,
            -165.0,
            194.0,
            1052.0,
            1433.0,
            638.0,
            34.0,
            -87.0,
            -104.0,
            -122.0,
            -115.0,
            -120.0,
            -107.0,
            -109.0,
            -99.0,
            -105.0,
            -101.0,
            -110.0,
            -87.0,
            -89.0,
            -75.0,
            -53.0,
            -17.0,
            18.0,
            65.0,
            90.0,
            121.0,
            120.0,
            101.0,
            42.0,
            1.0,
            -71.0,
            -103.0,
            -136.0,
            -154.0,
            -170.0,
            -169.0,
            -178.0,
            -174.0,
            -182.0,
            -180.0,
            -188.0,
            -175.0,
            -187.0,
            -182.0,
            -184.0
        ]
    },
    {
        "index": 4810,
        "subsequence": [
            -78.0,
            -74.0,
            -83.0,
            -75.0,
            -87.0,
            -94.0,
            -86.0,
            -96.0,
            -103.0,
            -102.0,
            -104.0,
            -101.0,
            -105.0,
            -102.0,
            -112.0,
            -103.0,
            -112.0,
            -114.0,
            -114.0,
            -80.0,
            -29.0,
            -42.0,
            -59.0,
            -62.0,
            -102.0,
            -124.0,
            -124.0,
            -126.0,
            -138.0,
            -132.0,
            -136.0,
            -132.0,
            -165.0,
            194.0,
            1052.0,
            1433.0,
            638.0,
            34.0,
            -87.0,
            -104.0,
            -122.0,
            -115.0,
            -120.0,
            -107.0,
            -109.0,
            -99.0,
            -105.0,
            -101.0,
            -110.0,
            -87.0,
            -89.0,
            -75.0,
            -53.0,
            -17.0,
            18.0,
            65.0,
            90.0,
            121.0,
            120.0,
            101.0,
            42.0,
            1.0,
            -71.0,
            -103.0,
            -136.0,
            -154.0,
            -170.0,
            -169.0,
            -178.0,
            -174.0,
            -182.0,
            -180.0,
            -188.0,
            -175.0,
            -187.0,
            -182.0,
            -184.0,
            -184.0,
            -194.0,
            -190.0,
            -196.0,
            -194.0,
            -202.0,
            -197.0,
            -200.0,
            -197.0,
            -206.0,
            -201.0,
            -206.0,
            -204.0,
            -211.0,
            -202.0,
            -164.0,
            -121.0,
            -139.0,
            -142.0,
            -152.0,
            -183.0,
            -211.0,
            -204.0,
            -215.0,
            -220.0,
            -211.0,
            -220.0,
            -224.0,
            -251.0,
            89.0,
            918.0,
            1326.0,
            587.0,
            -53.0,
            -163.0,
            -197.0,
            -198.0,
            -200.0,
            -208.0,
            -208.0,
            -204.0,
            -205.0,
            -197.0,
            -215.0,
            -194.0,
            -196.0,
            -188.0,
            -166.0,
            -141.0,
            -120.0,
            -66.0,
            -34.0,
            13.0,
            21.0,
            29.0,
            11.0,
            -30.0,
            -94.0,
            -125.0,
            -182.0,
            -201.0,
            -234.0,
            -230.0,
            -237.0,
            -230.0,
            -231.0,
            -223.0,
            -236.0,
            -227.0,
            -227.0,
            -227.0,
            -236.0,
            -222.0
        ]
    },
    {
        "index": 4450,
        "subsequence": [
            154.0,
            146.0,
            150.0,
            148.0,
            147.0,
            146.0,
            141.0,
            137.0,
            138.0,
            132.0,
            134.0,
            137.0,
            130.0,
            130.0,
            131.0,
            126.0,
            133.0,
            127.0,
            138.0,
            161.0,
            210.0,
            207.0,
            194.0,
            185.0,
            163.0,
            132.0,
            135.0,
            127.0,
            117.0,
            129.0,
            121.0,
            123.0,
            81.0,
            413.0,
            1242.0,
            1731.0,
            1021.0,
            324.0,
            185.0,
            163.0,
            146.0,
            143.0,
            151.0,
            155.0,
            160.0,
            156.0,
            167.0,
            168.0,
            167.0,
            171.0,
            179.0,
            189.0,
            216.0,
            244.0,
            288.0,
            336.0,
            362.0,
            384.0,
            392.0,
            372.0,
            325.0,
            261.0,
            215.0,
            169.0,
            137.0,
            119.0,
            105.0,
            100.0,
            96.0,
            93.0,
            95.0,
            95.0,
            93.0,
            91.0,
            95.0,
            96.0,
            90.0,
            88.0,
            85.0,
            83.0,
            80.0,
            85.0,
            82.0,
            78.0,
            76.0,
            77.0,
            79.0,
            79.0,
            76.0,
            74.0,
            79.0,
            89.0,
            123.0,
            157.0,
            148.0,
            135.0,
            128.0,
            88.0,
            76.0,
            68.0,
            68.0,
            58.0,
            59.0,
            57.0,
            46.0,
            55.0,
            435.0,
            1323.0,
            1585.0,
            687.0,
            188.0,
            92.0,
            73.0,
            66.0,
            66.0,
            73.0,
            70.0,
            77.0,
            69.0,
            76.0,
            77.0,
            83.0,
            83.0,
            89.0,
            111.0,
            135.0,
            172.0,
            206.0,
            253.0,
            285.0,
            300.0,
            300.0,
            269.0,
            221.0,
            160.0,
            116.0,
            71.0,
            41.0,
            27.0,
            16.0,
            11.0,
            15.0,
            10.0,
            9.0,
            8.0,
            0.0,
            -2.0,
            5.0,
            -1.0,
            -2.0
        ]
    }
]