[
    {
        "index": 10566,
        "subsequence": [
            -188.0,
            -188.0,
            -188.0,
            -181.0,
            -180.0,
            -179.0,
            -197.0,
            -189.0,
            -197.0,
            -191.0,
            -192.0,
            -184.0,
            -196.0,
            -184.0,
            -196.0,
            -185.0,
            -194.0,
            -178.0,
            -157.0,
            -115.0,
            -129.0,
            -65.0,
            -136.0,
            -172.0,
            -193.0,
            -207.0,
            -228.0,
            -222.0,
            -232.0,
            -226.0,
            -232.0,
            -221.0,
            -233.0,
            -222.0,
            -203.0,
            -12.0,
            124.0,
            158.0,
            55.0,
            -181.0,
            -337.0,
            -295.0,
            -185.0,
            -157.0,
            -153.0,
            -144.0,
            -133.0,
            -124.0,
            -114.0,
            -103.0,
            -88.0,
            -62.0,
            -40.0,
            -10.0,
            10.0,
            47.0,
            72.0,
            100.0,
            111.0,
            106.0,
            103.0,
            104.0,
            47.0,
            3.0,
            -52.0,
            -81.0,
            -116.0,
            -129.0,
            -145.0,
            -144.0,
            -157.0,
            -159.0,
            -163.0,
            -155.0,
            -153.0,
            -155.0,
            -152.0,
            -156.0,
            -159.0,
            -150.0,
            -155.0,
            -150.0,
            -157.0,
            -167.0,
            -163.0,
            -156.0,
            -164.0,
            -167.0,
            -144.0,
            -94.0,
            -87.0,
            -109.0,
            -24.0,
            -65.0,
            -111.0,
            -140.0,
            -155.0,
            -168.0,
            -177.0,
            -174.0,
            -192.0,
            -194.0,
            -158.0,
            -169.0,
            -172.0,
            -159.0,
            -2.0,
            156.0,
            201.0,
            167.0,
            -116.0,
            -232.0,
            -278.0,
            -177.0,
            -121.0,
            -108.0,
            -110.0,
            -91.0,
            -89.0,
            -80.0,
            -66.0,
            -46.0,
            -43.0,
            -15.0,
            3.0,
            41.0,
            57.0,
            94.0,
            105.0,
            134.0,
            139.0,
            130.0,
            99.0,
            68.0,
            15.0,
            -17.0,
            -61.0,
            -87.0,
            -109.0,
            -114.0,
            -143.0,
            -139.0,
            -156.0,
            -126.0,
            -140.0,
            -132.0,
            -133.0,
            -141.0,
            -128.0,
            -118.0
        ]
    },
    {
        "index": 7847,
        "subsequence": [
            -8.0,
            16.0,
            27.0,
            56.0,
            79.0,
            100.0,
            127.0,
            178.0,
            182.0,
            200.0,
            191.0,
            170.0,
            130.0,
            81.0,
            28.0,
            -1.0,
            -32.0,
            -55.0,
            -64.0,
            -67.0,
            -70.0,
            -78.0,
            -81.0,
            -81.0,
            -82.0,
            -93.0,
            -91.0,
            -86.0,
            -88.0,
            -85.0,
            -94.0,
            -90.0,
            -86.0,
            -94.0,
            -88.0,
            -104.0,
            -111.0,
            -106.0,
            -84.0,
            -48.0,
            -39.0,
            -40.0,
            26.0,
            -26.0,
            -69.0,
            -90.0,
            -135.0,
            -126.0,
            -128.0,
            -136.0,
            -145.0,
            -133.0,
            -136.0,
            -129.0,
            -131.0,
            -93.0,
            84.0,
            219.0,
            231.0,
            84.0,
            -127.0,
            -269.0,
            -214.0,
            -106.0,
            -97.0,
            -93.0,
            -76.0,
            -72.0,
            -60.0,
            -47.0,
            -34.0,
            -8.0,
            2.0,
            28.0,
            50.0,
            83.0,
            108.0,
            134.0,
            159.0,
            181.0,
            182.0,
            169.0,
            130.0,
            86.0,
            37.0,
            -8.0,
            -57.0,
            -84.0,
            -72.0,
            -96.0,
            -105.0,
            -106.0,
            -105.0,
            -111.0,
            -106.0,
            -108.0,
            -108.0,
            -108.0,
            -100.0,
            -109.0,
            -112.0,
            -106.0,
            -114.0,
            -115.0,
            -122.0,
            -114.0,
            -117.0,
            -119.0,
            -123.0,
            -91.0,
            -48.0,
            -66.0,
            -28.0,
            15.0,
            -56.0,
            -93.0,
            -109.0,
            -140.0,
            -141.0,
            -147.0,
            -149.0,
            -144.0,
            -138.0,
            -140.0,
            -143.0,
            -137.0,
            -60.0,
            95.0,
            241.0,
            239.0,
            -3.0,
            -144.0,
            -271.0,
            -184.0,
            -95.0,
            -86.0,
            -77.0,
            -63.0,
            -54.0,
            -44.0,
            -33.0,
            -22.0,
            -3.0,
            17.0,
            44.0,
            73.0,
            92.0,
            124.0,
            152.0,
            169.0
        ]
    },
    {
        "index": 6328,
        "subsequence": [
            -221.0,
            -230.0,
            -235.0,
            -249.0,
            -235.0,
            -206.0,
            -160.0,
            -194.0,
            -133.0,
            -116.0,
            -189.0,
            -223.0,
            -231.0,
            -286.0,
            -269.0,
            -272.0,
            -282.0,
            -272.0,
            -275.0,
            -277.0,
            -266.0,
            -259.0,
            -91.0,
            61.0,
            114.0,
            65.0,
            -228.0,
            -354.0,
            -364.0,
            -254.0,
            -217.0,
            -222.0,
            -200.0,
            -199.0,
            -191.0,
            -189.0,
            -162.0,
            -150.0,
            -122.0,
            -107.0,
            -72.0,
            -50.0,
            -19.0,
            9.0,
            28.0,
            47.0,
            61.0,
            39.0,
            25.0,
            -31.0,
            -70.0,
            -121.0,
            -157.0,
            -192.0,
            -187.0,
            -219.0,
            -211.0,
            -224.0,
            -227.0,
            -230.0,
            -225.0,
            -224.0,
            -221.0,
            -218.0,
            -218.0,
            -225.0,
            -217.0,
            -224.0,
            -218.0,
            -230.0,
            -231.0,
            -234.0,
            -228.0,
            -241.0,
            -227.0,
            -232.0,
            -209.0,
            -167.0,
            -187.0,
            -150.0,
            -107.0,
            -191.0,
            -214.0,
            -228.0,
            -269.0,
            -278.0,
            -277.0,
            -280.0,
            -277.0,
            -274.0,
            -265.0,
            -282.0,
            -273.0,
            -140.0,
            23.0,
            106.0,
            98.0,
            -184.0,
            -289.0,
            -386.0,
            -283.0,
            -225.0,
            -208.0,
            -200.0,
            -188.0,
            -184.0,
            -177.0,
            -158.0,
            -140.0,
            -121.0,
            -90.0,
            -75.0,
            -49.0,
            -20.0,
            23.0,
            36.0,
            58.0,
            57.0,
            55.0,
            29.0,
            -5.0,
            -64.0,
            -102.0,
            -138.0,
            -171.0,
            -196.0,
            -208.0,
            -223.0,
            -221.0,
            -230.0,
            -222.0,
            -246.0,
            -232.0,
            -217.0,
            -228.0,
            -233.0,
            -225.0,
            -234.0,
            -237.0,
            -246.0,
            -234.0,
            -251.0,
            -244.0,
            -255.0,
            -252.0,
            -254.0,
            -229.0,
            -195.0,
            -196.0,
            -182.0
        ]
    },
    {
        "index": 6334,
        "subsequence": [
            -160.0,
            -194.0,
            -133.0,
            -116.0,
            -189.0,
            -223.0,
            -231.0,
            -286.0,
            -269.0,
            -272.0,
            -282.0,
            -272.0,
            -275.0,
            -277.0,
            -266.0,
            -259.0,
            -91.0,
            61.0,
            114.0,
            65.0,
            -228.0,
            -354.0,
            -364.0,
            -254.0,
            -217.0,
            -222.0,
            -200.0,
            -199.0,
            -191.0,
            -189.0,
            -162.0,
            -150.0,
            -122.0,
            -107.0,
            -72.0,
            -50.0,
            -19.0,
            9.0,
            28.0,
            47.0,
            61.0,
            39.0,
            25.0,
            -31.0,
            -70.0,
            -121.0,
            -157.0,
            -192.0,
            -187.0,
            -219.0,
            -211.0,
            -224.0,
            -227.0,
            -230.0,
            -225.0,
            -224.0,
            -221.0,
            -218.0,
            -218.0,
            -225.0,
            -217.0,
            -224.0,
            -218.0,
            -230.0,
            -231.0,
            -234.0,
            -228.0,
            -241.0,
            -227.0,
            -232.0,
            -209.0,
            -167.0,
            -187.0,
            -150.0,
            -107.0,
            -191.0,
            -214.0,
            -228.0,
            -269.0,
            -278.0,
            -277.0,
            -280.0,
            -277.0,
            -274.0,
            -265.0,
            -282.0,
            -273.0,
            -140.0,
            23.0,
            106.0,
            98.0,
            -184.0,
            -289.0,
            -386.0,
            -283.0,
            -225.0,
            -208.0,
            -200.0,
            -188.0,
            -184.0,
            -177.0,
            -158.0,
            -140.0,
            -121.0,
            -90.0,
            -75.0,
            -49.0,
            -20.0,
            23.0,
            36.0,
            58.0,
            57.0,
            55.0,
            29.0,
            -5.0,
            -64.0,
            -102.0,
            -138.0,
            -171.0,
            -196.0,
            -208.0,
            -223.0,
            -221.0,
            -230.0,
            -222.0,
            -246.0,
            -232.0,
            -217.0,
            -228.0,
            -233.0,
            -225.0,
            -234.0,
            -237.0,
            -246.0,
            -234.0,
            -251.0,
            -244.0,
            -255.0,
            -252.0,
            -254.0,
            -229.0,
            -195.0,
            -196.0,
            -182.0,
            -111.0,
            -187.0,
            -213.0,
            -228.0,
            -267.0,
            -270.0
        ]
    },
    {
        "index": 6353,
        "subsequence": [
            65.0,
            -228.0,
            -354.0,
            -364.0,
            -254.0,
            -217.0,
            -222.0,
            -200.0,
            -199.0,
            -191.0,
            -189.0,
            -162.0,
            -150.0,
            -122.0,
            -107.0,
            -72.0,
            -50.0,
            -19.0,
            9.0,
            28.0,
            47.0,
            61.0,
            39.0,
            25.0,
            -31.0,
            -70.0,
            -121.0,
            -157.0,
            -192.0,
            -187.0,
            -219.0,
            -211.0,
            -224.0,
            -227.0,
            -230.0,
            -225.0,
            -224.0,
            -221.0,
            -218.0,
            -218.0,
            -225.0,
            -217.0,
            -224.0,
            -218.0,
            -230.0,
            -231.0,
            -234.0,
            -228.0,
            -241.0,
            -227.0,
            -232.0,
            -209.0,
            -167.0,
            -187.0,
            -150.0,
            -107.0,
            -191.0,
            -214.0,
            -228.0,
            -269.0,
            -278.0,
            -277.0,
            -280.0,
            -277.0,
            -274.0,
            -265.0,
            -282.0,
            -273.0,
            -140.0,
            23.0,
            106.0,
            98.0,
            -184.0,
            -289.0,
            -386.0,
            -283.0,
            -225.0,
            -208.0,
            -200.0,
            -188.0,
            -184.0,
            -177.0,
            -158.0,
            -140.0,
            -121.0,
            -90.0,
            -75.0,
            -49.0,
            -20.0,
            23.0,
            36.0,
            58.0,
            57.0,
            55.0,
            29.0,
            -5.0,
            -64.0,
            -102.0,
            -138.0,
            -171.0,
            -196.0,
            -208.0,
            -223.0,
            -221.0,
            -230.0,
            -222.0,
            -246.0,
            -232.0,
            -217.0,
            -228.0,
            -233.0,
            -225.0,
            -234.0,
            -237.0,
            -246.0,
            -234.0,
            -251.0,
            -244.0,
            -255.0,
            -252.0,
            -254.0,
            -229.0,
            -195.0,
            -196.0,
            -182.0,
            -111.0,
            -187.0,
            -213.0,
            -228.0,
            -267.0,
            -270.0,
            -268.0,
            -279.0,
            -269.0,
            -267.0,
            -262.0,
            -256.0,
            -259.0,
            -173.0,
            -8.0,
            97.0,
            96.0,
            -143.0,
            -234.0,
            -383.0,
            -312.0,
            -235.0,
            -194.0,
            -204.0,
            -193.0
        ]
    }
]