[
    {
        "index": 2690,
        "subsequence": [
            6.0,
            -1.0,
            -5.0,
            -4.0,
            -2.0,
            0.0,
            0.0,
            2.0,
            6.0,
            3.0,
            -1.0,
            -7.0,
            -12.0,
            -10.0,
            -7.0,
            0.0,
            6.0,
            5.0,
            -1.0,
            -9.0,
            -6.0,
            -1.0,
            2.0,
            6.0,
            8.0,
            10.0,
            10.0,
            7.0,
            2.0,
            -4.0,
            -9.0,
            -12.0,
            -20.0,
            -26.0,
            -25.0,
            -23.0,
            -16.0,
            -13.0,
            -12.0,
            -11.0,
            -11.0,
            -11.0,
            -14.0,
            -23.0,
            -30.0,
            -25.0,
            -20.0,
            -16.0,
            -11.0,
            -6.0,
            -1.0,
            -4.0,
            -7.0,
            -12.0,
            -10.0,
            -8.0,
            -5.0,
            -3.0,
            -2.0,
            0.0,
            0.0,
            -5.0,
            -10.0,
            -11.0,
            -7.0,
            1.0,
            8.0,
            10.0,
            12.0,
            13.0,
            14.0,
            16.0,
            18.0,
            16.0,
            13.0,
            12.0,
            9.0,
            10.0,
            7.0,
            9.0,
            18.0,
            27.0,
            37.0,
            37.0,
            29.0,
            25.0,
            16.0,
            8.0,
            8.0,
            5.0,
            3.0,
            5.0,
            11.0,
            19.0,
            19.0,
            20.0,
            22.0,
            21.0,
            19.0,
            17.0,
            15.0,
            16.0,
            17.0,
            25.0,
            34.0,
            39.0,
            45.0,
            46.0,
            50.0,
            53.0,
            46.0,
            38.0,
            28.0,
            18.0,
            10.0,
            -7.0,
            -23.0,
            -38.0,
            -45.0,
            -51.0,
            -62.0,
            -68.0,
            -74.0,
            -77.0,
            -80.0,
            -81.0,
            -80.0,
            -79.0,
            -71.0,
            -65.0,
            -54.0,
            -41.0,
            -33.0,
            -27.0,
            -16.0,
            -5.0,
            2.0,
            15.0,
            22.0,
            30.0,
            33.0,
            33.0,
            35.0,
            34.0,
            28.0,
            26.0,
            19.0,
            9.0,
            1.0,
            -4.0
        ]
    },
    {
        "index": 6314,
        "subsequence": [
            8.0,
            10.0,
            11.0,
            12.0,
            5.0,
            -2.0,
            -2.0,
            -6.0,
            -8.0,
            -11.0,
            -19.0,
            -20.0,
            -18.0,
            -8.0,
            0.0,
            0.0,
            -7.0,
            -12.0,
            -16.0,
            -21.0,
            -20.0,
            -8.0,
            4.0,
            10.0,
            3.0,
            -13.0,
            -15.0,
            -12.0,
            -9.0,
            -10.0,
            -19.0,
            -24.0,
            -28.0,
            -34.0,
            -43.0,
            -50.0,
            -47.0,
            -41.0,
            -37.0,
            -28.0,
            -16.0,
            -5.0,
            2.0,
            6.0,
            15.0,
            26.0,
            23.0,
            17.0,
            5.0,
            0.0,
            1.0,
            5.0,
            20.0,
            32.0,
            44.0,
            46.0,
            42.0,
            36.0,
            31.0,
            36.0,
            39.0,
            38.0,
            35.0,
            34.0,
            37.0,
            47.0,
            53.0,
            57.0,
            55.0,
            48.0,
            40.0,
            26.0,
            14.0,
            3.0,
            -3.0,
            -8.0,
            -11.0,
            -11.0,
            -10.0,
            -6.0,
            -5.0,
            -7.0,
            -6.0,
            -7.0,
            -9.0,
            -11.0,
            -11.0,
            -11.0,
            -19.0,
            -27.0,
            -24.0,
            -19.0,
            -19.0,
            -20.0,
            -22.0,
            -24.0,
            -26.0,
            -35.0,
            -42.0,
            -45.0,
            -55.0,
            -57.0,
            -57.0,
            -51.0,
            -39.0,
            -29.0,
            -21.0,
            -16.0,
            -13.0,
            -7.0,
            0.0,
            2.0,
            11.0,
            22.0,
            34.0,
            39.0,
            43.0,
            50.0,
            44.0,
            38.0,
            36.0,
            34.0,
            30.0,
            23.0,
            28.0,
            35.0,
            38.0,
            37.0,
            35.0,
            26.0,
            17.0,
            13.0,
            0.0,
            -6.0,
            -9.0,
            -11.0,
            -14.0,
            -19.0,
            -18.0,
            -17.0,
            -15.0,
            -12.0,
            -10.0,
            -8.0,
            -9.0,
            -13.0,
            -20.0,
            -27.0,
            -29.0,
            -26.0
        ]
    },
    {
        "index": 2691,
        "subsequence": [
            -1.0,
            -5.0,
            -4.0,
            -2.0,
            0.0,
            0.0,
            2.0,
            6.0,
            3.0,
            -1.0,
            -7.0,
            -12.0,
            -10.0,
            -7.0,
            0.0,
            6.0,
            5.0,
            -1.0,
            -9.0,
            -6.0,
            -1.0,
            2.0,
            6.0,
            8.0,
            10.0,
            10.0,
            7.0,
            2.0,
            -4.0,
            -9.0,
            -12.0,
            -20.0,
            -26.0,
            -25.0,
            -23.0,
            -16.0,
            -13.0,
            -12.0,
            -11.0,
            -11.0,
            -11.0,
            -14.0,
            -23.0,
            -30.0,
            -25.0,
            -20.0,
            -16.0,
            -11.0,
            -6.0,
            -1.0,
            -4.0,
            -7.0,
            -12.0,
            -10.0,
            -8.0,
            -5.0,
            -3.0,
            -2.0,
            0.0,
            0.0,
            -5.0,
            -10.0,
            -11.0,
            -7.0,
            1.0,
            8.0,
            10.0,
            12.0,
            13.0,
            14.0,
            16.0,
            18.0,
            16.0,
            13.0,
            12.0,
            9.0,
            10.0,
            7.0,
            9.0,
            18.0,
            27.0,
            37.0,
            37.0,
            29.0,
            25.0,
            16.0,
            8.0,
            8.0,
            5.0,
            3.0,
            5.0,
            11.0,
            19.0,
            19.0,
            20.0,
            22.0,
            21.0,
            19.0,
            17.0,
            15.0,
            16.0,
            17.0,
            25.0,
            34.0,
            39.0,
            45.0,
            46.0,
            50.0,
            53.0,
            46.0,
            38.0,
            28.0,
            18.0,
            10.0,
            -7.0,
            -23.0,
            -38.0,
            -45.0,
            -51.0,
            -62.0,
            -68.0,
            -74.0,
            -77.0,
            -80.0,
            -81.0,
            -80.0,
            -79.0,
            -71.0,
            -65.0,
            -54.0,
            -41.0,
            -33.0,
            -27.0,
            -16.0,
            -5.0,
            2.0,
            15.0,
            22.0,
            30.0,
            33.0,
            33.0,
            35.0,
            34.0,
            28.0,
            26.0,
            19.0,
            9.0,
            1.0,
            -4.0,
            -4.0
        ]
    },
    {
        "index": 2689,
        "subsequence": [
            8.0,
            6.0,
            -1.0,
            -5.0,
            -4.0,
            -2.0,
            0.0,
            0.0,
            2.0,
            6.0,
            3.0,
            -1.0,
            -7.0,
            -12.0,
            -10.0,
            -7.0,
            0.0,
            6.0,
            5.0,
            -1.0,
            -9.0,
            -6.0,
            -1.0,
            2.0,
            6.0,
            8.0,
            10.0,
            10.0,
            7.0,
            2.0,
            -4.0,
            -9.0,
            -12.0,
            -20.0,
            -26.0,
            -25.0,
            -23.0,
            -16.0,
            -13.0,
            -12.0,
            -11.0,
            -11.0,
            -11.0,
            -14.0,
            -23.0,
            -30.0,
            -25.0,
            -20.0,
            -16.0,
            -11.0,
            -6.0,
            -1.0,
            -4.0,
            -7.0,
            -12.0,
            -10.0,
            -8.0,
            -5.0,
            -3.0,
            -2.0,
            0.0,
            0.0,
            -5.0,
            -10.0,
            -11.0,
            -7.0,
            1.0,
            8.0,
            10.0,
            12.0,
            13.0,
            14.0,
            16.0,
            18.0,
            16.0,
            13.0,
            12.0,
            9.0,
            10.0,
            7.0,
            9.0,
            18.0,
            27.0,
            37.0,
            37.0,
            29.0,
            25.0,
            16.0,
            8.0,
            8.0,
            5.0,
            3.0,
            5.0,
            11.0,
            19.0,
            19.0,
            20.0,
            22.0,
            21.0,
            19.0,
            17.0,
            15.0,
            16.0,
            17.0,
            25.0,
            34.0,
            39.0,
            45.0,
            46.0,
            50.0,
            53.0,
            46.0,
            38.0,
            28.0,
            18.0,
            10.0,
            -7.0,
            -23.0,
            -38.0,
            -45.0,
            -51.0,
            -62.0,
            -68.0,
            -74.0,
            -77.0,
            -80.0,
            -81.0,
            -80.0,
            -79.0,
            -71.0,
            -65.0,
            -54.0,
            -41.0,
            -33.0,
            -27.0,
            -16.0,
            -5.0,
            2.0,
            15.0,
            22.0,
            30.0,
            33.0,
            33.0,
            35.0,
            34.0,
            28.0,
            26.0,
            19.0,
            9.0,
            1.0
        ]
    },
    {
        "index": 6315,
        "subsequence": [
            10.0,
            11.0,
            12.0,
            5.0,
            -2.0,
            -2.0,
            -6.0,
            -8.0,
            -11.0,
            -19.0,
            -20.0,
            -18.0,
            -8.0,
            0.0,
            0.0,
            -7.0,
            -12.0,
            -16.0,
            -21.0,
            -20.0,
            -8.0,
            4.0,
            10.0,
            3.0,
            -13.0,
            -15.0,
            -12.0,
            -9.0,
            -10.0,
            -19.0,
            -24.0,
            -28.0,
            -34.0,
            -43.0,
            -50.0,
            -47.0,
            -41.0,
            -37.0,
            -28.0,
            -16.0,
            -5.0,
            2.0,
            6.0,
            15.0,
            26.0,
            23.0,
            17.0,
            5.0,
            0.0,
            1.0,
            5.0,
            20.0,
            32.0,
            44.0,
            46.0,
            42.0,
            36.0,
            31.0,
            36.0,
            39.0,
            38.0,
            35.0,
            34.0,
            37.0,
            47.0,
            53.0,
            57.0,
            55.0,
            48.0,
            40.0,
            26.0,
            14.0,
            3.0,
            -3.0,
            -8.0,
            -11.0,
            -11.0,
            -10.0,
            -6.0,
            -5.0,
            -7.0,
            -6.0,
            -7.0,
            -9.0,
            -11.0,
            -11.0,
            -11.0,
            -19.0,
            -27.0,
            -24.0,
            -19.0,
            -19.0,
            -20.0,
            -22.0,
            -24.0,
            -26.0,
            -35.0,
            -42.0,
            -45.0,
            -55.0,
            -57.0,
            -57.0,
            -51.0,
            -39.0,
            -29.0,
            -21.0,
            -16.0,
            -13.0,
            -7.0,
            0.0,
            2.0,
            11.0,
            22.0,
            34.0,
            39.0,
            43.0,
            50.0,
            44.0,
            38.0,
            36.0,
            34.0,
            30.0,
            23.0,
            28.0,
            35.0,
            38.0,
            37.0,
            35.0,
            26.0,
            17.0,
            13.0,
            0.0,
            -6.0,
            -9.0,
            -11.0,
            -14.0,
            -19.0,
            -18.0,
            -17.0,
            -15.0,
            -12.0,
            -10.0,
            -8.0,
            -9.0,
            -13.0,
            -20.0,
            -27.0,
            -29.0,
            -26.0,
            -22.0
        ]
    }
]