[
    {
        "index": 5021,
        "subsequence": [
            -139.0,
            -142.0,
            -137.0,
            -145.0,
            -137.0,
            -137.0,
            -127.0,
            -134.0,
            -124.0,
            -120.0,
            -127.0,
            -138.0,
            -125.0,
            -129.0,
            -120.0,
            -128.0,
            -129.0,
            -124.0,
            -114.0,
            -125.0,
            -109.0,
            -113.0,
            -107.0,
            -94.0,
            -31.0,
            -24.0,
            -19.0,
            -41.0,
            -34.0,
            -77.0,
            -79.0,
            -82.0,
            -85.0,
            -95.0,
            -87.0,
            -83.0,
            -112.0,
            24.0,
            581.0,
            1445.0,
            1291.0,
            299.0,
            27.0,
            -36.0,
            -39.0,
            -61.0,
            -45.0,
            -46.0,
            -37.0,
            -42.0,
            -32.0,
            -40.0,
            -42.0,
            -34.0,
            -29.0,
            -11.0,
            5.0,
            22.0,
            67.0,
            105.0,
            151.0,
            158.0,
            180.0,
            172.0,
            138.0,
            77.0,
            34.0,
            -21.0,
            -51.0,
            -79.0,
            -86.0,
            -100.0,
            -99.0,
            -104.0,
            -100.0,
            -105.0,
            -88.0,
            -100.0,
            -89.0,
            -99.0,
            -87.0,
            -101.0,
            -87.0,
            -102.0,
            -96.0,
            -102.0,
            -97.0,
            -118.0,
            -99.0,
            -108.0,
            -107.0,
            -117.0,
            -111.0,
            -109.0,
            -99.0,
            -84.0,
            -17.0,
            -43.0,
            -53.0,
            -62.0,
            -75.0,
            -118.0,
            -113.0,
            -118.0,
            -125.0,
            -124.0,
            -121.0,
            -129.0,
            -169.0,
            143.0,
            933.0,
            1463.0,
            838.0,
            87.0,
            -60.0,
            -96.0,
            -98.0,
            -109.0,
            -101.0,
            -102.0,
            -90.0,
            -92.0,
            -79.0,
            -79.0,
            -74.0,
            -72.0,
            -61.0,
            -52.0,
            -16.0,
            10.0,
            56.0,
            94.0,
            128.0,
            147.0,
            161.0,
            139.0,
            107.0,
            50.0,
            -12.0,
            -51.0,
            -73.0,
            -102.0,
            -107.0,
            -122.0,
            -114.0,
            -117.0,
            -120.0,
            -116.0,
            -112.0,
            -120.0
        ]
    },
    {
        "index": 5161,
        "subsequence": [
            -73.0,
            -102.0,
            -107.0,
            -122.0,
            -114.0,
            -117.0,
            -120.0,
            -116.0,
            -112.0,
            -120.0,
            -118.0,
            -114.0,
            -107.0,
            -120.0,
            -117.0,
            -126.0,
            -115.0,
            -123.0,
            -115.0,
            -121.0,
            -112.0,
            -119.0,
            -113.0,
            -114.0,
            -108.0,
            -114.0,
            -107.0,
            -98.0,
            -54.0,
            -21.0,
            -20.0,
            -28.0,
            -34.0,
            -69.0,
            -86.0,
            -82.0,
            -91.0,
            -99.0,
            -86.0,
            -102.0,
            -97.0,
            -79.0,
            309.0,
            1191.0,
            1430.0,
            519.0,
            50.0,
            -49.0,
            -57.0,
            -71.0,
            -61.0,
            -68.0,
            -56.0,
            -56.0,
            -44.0,
            -56.0,
            -31.0,
            -36.0,
            -16.0,
            -12.0,
            23.0,
            43.0,
            78.0,
            116.0,
            165.0,
            182.0,
            212.0,
            207.0,
            190.0,
            132.0,
            87.0,
            23.0,
            -2.0,
            -37.0,
            -43.0,
            -62.0,
            -52.0,
            -59.0,
            -50.0,
            -75.0,
            -55.0,
            -62.0,
            -59.0,
            -60.0,
            -50.0,
            -63.0,
            -54.0,
            -70.0,
            -52.0,
            -82.0,
            -56.0,
            -65.0,
            -55.0,
            -69.0,
            -53.0,
            -70.0,
            -56.0,
            -80.0,
            -47.0,
            -36.0,
            24.0,
            12.0,
            9.0,
            -3.0,
            -11.0,
            -51.0,
            -43.0,
            -60.0,
            -68.0,
            -68.0,
            -52.0,
            -63.0,
            -109.0,
            134.0,
            788.0,
            1490.0,
            1056.0,
            194.0,
            18.0,
            -23.0,
            -37.0,
            -52.0,
            -43.0,
            -56.0,
            -38.0,
            -42.0,
            -27.0,
            -43.0,
            -30.0,
            -27.0,
            -15.0,
            -11.0,
            19.0,
            44.0,
            86.0,
            118.0,
            163.0,
            176.0,
            188.0,
            170.0,
            140.0,
            81.0,
            39.0,
            -13.0,
            -43.0,
            -74.0,
            -75.0,
            -90.0,
            -77.0,
            -83.0
        ]
    },
    {
        "index": 3612,
        "subsequence": [
            5.0,
            -40.0,
            -53.0,
            -67.0,
            -74.0,
            -86.0,
            -74.0,
            -87.0,
            -74.0,
            -126.0,
            193.0,
            955.0,
            1495.0,
            853.0,
            128.0,
            -30.0,
            -45.0,
            -61.0,
            -46.0,
            -58.0,
            -47.0,
            -61.0,
            -48.0,
            -57.0,
            -44.0,
            -60.0,
            -43.0,
            -39.0,
            -12.0,
            -12.0,
            35.0,
            54.0,
            113.0,
            132.0,
            166.0,
            161.0,
            148.0,
            85.0,
            53.0,
            -19.0,
            -58.0,
            -85.0,
            -102.0,
            -136.0,
            -121.0,
            -141.0,
            -128.0,
            -145.0,
            -133.0,
            -145.0,
            -136.0,
            -148.0,
            -151.0,
            -155.0,
            -137.0,
            -152.0,
            -139.0,
            -158.0,
            -140.0,
            -152.0,
            -140.0,
            -154.0,
            -141.0,
            -151.0,
            -136.0,
            -157.0,
            -129.0,
            -120.0,
            -61.0,
            -75.0,
            -68.0,
            -91.0,
            -100.0,
            -139.0,
            -132.0,
            -152.0,
            -162.0,
            -144.0,
            -145.0,
            -155.0,
            -191.0,
            52.0,
            740.0,
            1420.0,
            957.0,
            95.0,
            -80.0,
            -122.0,
            -126.0,
            -139.0,
            -125.0,
            -130.0,
            -121.0,
            -130.0,
            -112.0,
            -130.0,
            -103.0,
            -120.0,
            -98.0,
            -96.0,
            -65.0,
            -36.0,
            7.0,
            44.0,
            84.0,
            94.0,
            117.0,
            89.0,
            56.0,
            -8.0,
            -48.0,
            -102.0,
            -120.0,
            -140.0,
            -152.0,
            -172.0,
            -156.0,
            -163.0,
            -164.0,
            -167.0,
            -168.0,
            -172.0,
            -162.0,
            -167.0,
            -160.0,
            -163.0,
            -149.0,
            -165.0,
            -162.0,
            -167.0,
            -166.0,
            -167.0,
            -162.0,
            -153.0,
            -159.0,
            -160.0,
            -158.0,
            -155.0,
            -119.0,
            -82.0,
            -84.0,
            -110.0,
            -89.0,
            -133.0,
            -142.0,
            -144.0,
            -138.0,
            -159.0,
            -142.0,
            -150.0
        ]
    },
    {
        "index": 5761,
        "subsequence": [
            -69.0,
            -82.0,
            -82.0,
            -95.0,
            -103.0,
            -159.0,
            -145.0,
            -157.0,
            -156.0,
            -170.0,
            -155.0,
            -164.0,
            -204.0,
            81.0,
            814.0,
            1396.0,
            867.0,
            59.0,
            -95.0,
            -134.0,
            -127.0,
            -142.0,
            -127.0,
            -132.0,
            -121.0,
            -130.0,
            -111.0,
            -127.0,
            -105.0,
            -114.0,
            -92.0,
            -93.0,
            -60.0,
            -28.0,
            33.0,
            53.0,
            100.0,
            107.0,
            123.0,
            88.0,
            62.0,
            -11.0,
            -49.0,
            -105.0,
            -134.0,
            -159.0,
            -157.0,
            -184.0,
            -170.0,
            -182.0,
            -178.0,
            -187.0,
            -178.0,
            -192.0,
            -182.0,
            -185.0,
            -173.0,
            -185.0,
            -190.0,
            -217.0,
            -187.0,
            -209.0,
            -184.0,
            -199.0,
            -184.0,
            -190.0,
            -184.0,
            -197.0,
            -179.0,
            -204.0,
            -167.0,
            -138.0,
            -111.0,
            -126.0,
            -127.0,
            -149.0,
            -173.0,
            -185.0,
            -188.0,
            -209.0,
            -201.0,
            -206.0,
            -186.0,
            -226.0,
            -79.0,
            383.0,
            1271.0,
            1178.0,
            234.0,
            -98.0,
            -137.0,
            -170.0,
            -156.0,
            -181.0,
            -156.0,
            -169.0,
            -141.0,
            -163.0,
            -143.0,
            -151.0,
            -125.0,
            -145.0,
            -115.0,
            -115.0,
            -66.0,
            -42.0,
            13.0,
            34.0,
            81.0,
            69.0,
            87.0,
            41.0,
            4.0,
            -60.0,
            -96.0,
            -144.0,
            -155.0,
            -186.0,
            -177.0,
            -192.0,
            -177.0,
            -194.0,
            -178.0,
            -188.0,
            -170.0,
            -180.0,
            -171.0,
            -189.0,
            -171.0,
            -178.0,
            -164.0,
            -184.0,
            -172.0,
            -189.0,
            -173.0,
            -189.0,
            -173.0,
            -186.0,
            -175.0,
            -186.0,
            -148.0,
            -114.0,
            -78.0,
            -112.0,
            -107.0,
            -125.0,
            -154.0,
            -169.0,
            -160.0,
            -184.0
        ]
    },
    {
        "index": 5758,
        "subsequence": [
            -176.0,
            -154.0,
            -133.0,
            -69.0,
            -82.0,
            -82.0,
            -95.0,
            -103.0,
            -159.0,
            -145.0,
            -157.0,
            -156.0,
            -170.0,
            -155.0,
            -164.0,
            -204.0,
            81.0,
            814.0,
            1396.0,
            867.0,
            59.0,
            -95.0,
            -134.0,
            -127.0,
            -142.0,
            -127.0,
            -132.0,
            -121.0,
            -130.0,
            -111.0,
            -127.0,
            -105.0,
            -114.0,
            -92.0,
            -93.0,
            -60.0,
            -28.0,
            33.0,
            53.0,
            100.0,
            107.0,
            123.0,
            88.0,
            62.0,
            -11.0,
            -49.0,
            -105.0,
            -134.0,
            -159.0,
            -157.0,
            -184.0,
            -170.0,
            -182.0,
            -178.0,
            -187.0,
            -178.0,
            -192.0,
            -182.0,
            -185.0,
            -173.0,
            -185.0,
            -190.0,
            -217.0,
            -187.0,
            -209.0,
            -184.0,
            -199.0,
            -184.0,
            -190.0,
            -184.0,
            -197.0,
            -179.0,
            -204.0,
            -167.0,
            -138.0,
            -111.0,
            -126.0,
            -127.0,
            -149.0,
            -173.0,
            -185.0,
            -188.0,
            -209.0,
            -201.0,
            -206.0,
            -186.0,
            -226.0,
            -79.0,
            383.0,
            1271.0,
            1178.0,
            234.0,
            -98.0,
            -137.0,
            -170.0,
            -156.0,
            -181.0,
            -156.0,
            -169.0,
            -141.0,
            -163.0,
            -143.0,
            -151.0,
            -125.0,
            -145.0,
            -115.0,
            -115.0,
            -66.0,
            -42.0,
            13.0,
            34.0,
            81.0,
            69.0,
            87.0,
            41.0,
            4.0,
            -60.0,
            -96.0,
            -144.0,
            -155.0,
            -186.0,
            -177.0,
            -192.0,
            -177.0,
            -194.0,
            -178.0,
            -188.0,
            -170.0,
            -180.0,
            -171.0,
            -189.0,
            -171.0,
            -178.0,
            -164.0,
            -184.0,
            -172.0,
            -189.0,
            -173.0,
            -189.0,
            -173.0,
            -186.0,
            -175.0,
            -186.0,
            -148.0,
            -114.0,
            -78.0,
            -112.0,
            -107.0,
            -125.0,
            -154.0
        ]
    }
]