[
    {
        "index": 11770,
        "subsequence": [
            -21.0,
            77.0,
            104.0,
            133.0,
            3.0,
            0.0,
            95.0,
            45.0,
            36.0,
            -95.0,
            -138.0,
            -95.0,
            -87.0,
            -132.0,
            -90.0,
            19.0,
            55.0,
            92.0,
            107.0,
            49.0,
            -44.0,
            -59.0,
            42.0,
            31.0,
            105.0,
            70.0,
            -26.0,
            -57.0,
            -77.0,
            -52.0,
            -66.0,
            -70.0,
            39.0,
            153.0,
            56.0,
            91.0,
            18.0,
            55.0,
            72.0,
            -41.0,
            37.0,
            -85.0,
            -160.0,
            -82.0,
            19.0,
            29.0,
            -1.0,
            63.0,
            -8.0,
            32.0,
            35.0,
            71.0,
            137.0,
            25.0,
            -158.0,
            -98.0,
            -59.0,
            -89.0,
            30.0,
            70.0,
            -27.0,
            103.0,
            -34.0,
            67.0,
            113.0,
            99.0,
            92.0,
            -9.0,
            -118.0,
            -107.0,
            -157.0,
            -141.0,
            -80.0,
            -4.0,
            -98.0,
            -14.0,
            76.0,
            -48.0,
            -21.0,
            23.0,
            148.0,
            208.0,
            121.0,
            46.0,
            9.0,
            29.0,
            -31.0,
            -77.0,
            -106.0,
            -40.0,
            -96.0,
            -132.0,
            0.0,
            64.0,
            42.0,
            -107.0,
            50.0,
            -17.0,
            -158.0,
            61.0,
            274.0,
            40.0,
            12.0,
            119.0,
            36.0,
            -28.0,
            -11.0,
            -95.0,
            -33.0,
            7.0,
            2.0,
            -94.0,
            -85.0,
            -3.0,
            93.0,
            15.0,
            82.0,
            55.0,
            -29.0,
            -19.0,
            -31.0,
            -106.0,
            -66.0,
            18.0,
            30.0,
            22.0,
            21.0,
            -92.0,
            -107.0,
            12.0,
            121.0,
            107.0,
            56.0,
            83.0,
            38.0,
            -62.0,
            -83.0,
            -34.0,
            -79.0,
            -119.0,
            -115.0,
            6.0,
            -51.0,
            79.0,
            81.0,
            113.0,
            121.0,
            174.0,
            59.0,
            -23.0
        ]
    },
    {
        "index": 14370,
        "subsequence": [
            200.0,
            162.0,
            345.0,
            163.0,
            210.0,
            74.0,
            -32.0,
            112.0,
            130.0,
            -54.0,
            -244.0,
            -371.0,
            -338.0,
            -187.0,
            -90.0,
            -95.0,
            -143.0,
            -217.0,
            -201.0,
            -102.0,
            -84.0,
            -184.0,
            121.0,
            415.0,
            302.0,
            537.0,
            433.0,
            -83.0,
            -176.0,
            -122.0,
            -16.0,
            -121.0,
            70.0,
            58.0,
            -256.0,
            -124.0,
            52.0,
            19.0,
            29.0,
            -210.0,
            -304.0,
            -171.0,
            -55.0,
            48.0,
            93.0,
            4.0,
            -83.0,
            -68.0,
            1.0,
            157.0,
            181.0,
            373.0,
            25.0,
            132.0,
            73.0,
            -231.0,
            145.0,
            -358.0,
            2.0,
            348.0,
            -77.0,
            148.0,
            191.0,
            -317.0,
            -464.0,
            -368.0,
            -246.0,
            -104.0,
            -16.0,
            -5.0,
            23.0,
            -3.0,
            -6.0,
            93.0,
            283.0,
            318.0,
            -268.0,
            312.0,
            252.0,
            -269.0,
            118.0,
            293.0,
            1.0,
            166.0,
            0.0,
            -166.0,
            -158.0,
            -188.0,
            -384.0,
            -436.0,
            -251.0,
            -211.0,
            -118.0,
            -46.0,
            30.0,
            69.0,
            141.0,
            101.0,
            82.0,
            -42.0,
            125.0,
            414.0,
            807.0,
            216.0,
            17.0,
            286.0,
            513.0,
            252.0,
            -153.0,
            -219.0,
            -33.0,
            -172.0,
            -19.0,
            -176.0,
            -81.0,
            -85.0,
            -273.0,
            -259.0,
            -148.0,
            -117.0,
            -159.0,
            -139.0,
            -76.0,
            20.0,
            86.0,
            420.0,
            -130.0,
            -18.0,
            164.0,
            411.0,
            315.0,
            435.0,
            106.0,
            19.0,
            103.0,
            46.0,
            -34.0,
            -189.0,
            -285.0,
            10.0,
            -150.0,
            -122.0,
            -146.0,
            -164.0,
            -124.0,
            -53.0,
            -33.0,
            -51.0,
            -94.0,
            -80.0
        ]
    },
    {
        "index": 14796,
        "subsequence": [
            -95.0,
            -90.0,
            -253.0,
            -122.0,
            -91.0,
            -136.0,
            -126.0,
            -102.0,
            -120.0,
            -138.0,
            -141.0,
            -123.0,
            -60.0,
            -8.0,
            -11.0,
            -70.0,
            -169.0,
            -45.0,
            175.0,
            314.0,
            822.0,
            64.0,
            -309.0,
            -60.0,
            201.0,
            307.0,
            -60.0,
            -175.0,
            143.0,
            -2.0,
            -159.0,
            -95.0,
            188.0,
            -53.0,
            -341.0,
            -285.0,
            -211.0,
            -168.0,
            -120.0,
            -73.0,
            -36.0,
            -38.0,
            -80.0,
            -75.0,
            -43.0,
            -5.0,
            10.0,
            7.0,
            -10.0,
            -14.0,
            3.0,
            81.0,
            203.0,
            200.0,
            476.0,
            231.0,
            -181.0,
            8.0,
            307.0,
            446.0,
            -297.0,
            -222.0,
            163.0,
            353.0,
            -21.0,
            -40.0,
            -83.0,
            -162.0,
            -153.0,
            -46.0,
            -42.0,
            -122.0,
            -166.0,
            -137.0,
            -135.0,
            -127.0,
            -118.0,
            -131.0,
            -149.0,
            -120.0,
            -51.0,
            -21.0,
            -11.0,
            -32.0,
            -36.0,
            17.0,
            136.0,
            283.0,
            -119.0,
            86.0,
            618.0,
            430.0,
            -154.0,
            232.0,
            210.0,
            167.0,
            78.0,
            154.0,
            27.0,
            -21.0,
            210.0,
            13.0,
            -130.0,
            -167.0,
            -227.0,
            -154.0,
            -123.0,
            -156.0,
            -156.0,
            -146.0,
            -143.0,
            -133.0,
            -142.0,
            -130.0,
            -98.0,
            -63.0,
            -19.0,
            0.0,
            -13.0,
            -87.0,
            -99.0,
            495.0,
            20.0,
            -115.0,
            39.0,
            323.0,
            123.0,
            32.0,
            144.0,
            110.0,
            42.0,
            -38.0,
            108.0,
            163.0,
            310.0,
            537.0,
            82.0,
            -81.0,
            -255.0,
            -212.0,
            -200.0,
            -189.0,
            -123.0,
            -91.0,
            -96.0,
            -140.0,
            -158.0,
            -128.0,
            -92.0,
            -113.0
        ]
    },
    {
        "index": 15891,
        "subsequence": [
            -34.0,
            -33.0,
            -28.0,
            -31.0,
            -33.0,
            -30.0,
            -27.0,
            -27.0,
            -27.0,
            -34.0,
            -26.0,
            -21.0,
            -22.0,
            -21.0,
            -23.0,
            -15.0,
            -20.0,
            -22.0,
            -19.0,
            -22.0,
            -16.0,
            -16.0,
            -13.0,
            -15.0,
            -21.0,
            -22.0,
            -15.0,
            -16.0,
            -15.0,
            -14.0,
            -14.0,
            -12.0,
            -13.0,
            -11.0,
            -11.0,
            -10.0,
            -12.0,
            -8.0,
            -13.0,
            -11.0,
            -11.0,
            -9.0,
            -11.0,
            -12.0,
            -14.0,
            -12.0,
            -12.0,
            -11.0,
            -9.0,
            -10.0,
            -8.0,
            -9.0,
            -11.0,
            -15.0,
            -13.0,
            -9.0,
            -11.0,
            -11.0,
            -10.0,
            -12.0,
            -12.0,
            -15.0,
            -11.0,
            -10.0,
            -14.0,
            -12.0,
            -9.0,
            -10.0,
            -14.0,
            -8.0,
            -6.0,
            -3.0,
            -4.0,
            1.0,
            0.0,
            5.0,
            1.0,
            4.0,
            7.0,
            7.0,
            4.0,
            11.0,
            7.0,
            4.0,
            5.0,
            11.0,
            10.0,
            6.0,
            10.0,
            7.0,
            7.0,
            5.0,
            4.0,
            5.0,
            6.0,
            4.0,
            -1.0,
            3.0,
            3.0,
            0.0,
            0.0,
            2.0,
            -4.0,
            2.0,
            -1.0,
            -1.0,
            -4.0,
            0.0,
            3.0,
            6.0,
            3.0,
            5.0,
            5.0,
            7.0,
            6.0,
            17.0,
            15.0,
            9.0,
            17.0,
            16.0,
            5.0,
            7.0,
            13.0,
            9.0,
            11.0,
            16.0,
            20.0,
            12.0,
            4.0,
            11.0,
            7.0,
            11.0,
            7.0,
            7.0,
            12.0,
            1.0,
            -1.0,
            0.0,
            4.0,
            0.0,
            4.0,
            0.0,
            -17.0,
            -5.0,
            -14.0,
            -6.0,
            -1.0,
            -6.0,
            -7.0,
            -2.0
        ]
    },
    {
        "index": 15890,
        "subsequence": [
            -31.0,
            -34.0,
            -33.0,
            -28.0,
            -31.0,
            -33.0,
            -30.0,
            -27.0,
            -27.0,
            -27.0,
            -34.0,
            -26.0,
            -21.0,
            -22.0,
            -21.0,
            -23.0,
            -15.0,
            -20.0,
            -22.0,
            -19.0,
            -22.0,
            -16.0,
            -16.0,
            -13.0,
            -15.0,
            -21.0,
            -22.0,
            -15.0,
            -16.0,
            -15.0,
            -14.0,
            -14.0,
            -12.0,
            -13.0,
            -11.0,
            -11.0,
            -10.0,
            -12.0,
            -8.0,
            -13.0,
            -11.0,
            -11.0,
            -9.0,
            -11.0,
            -12.0,
            -14.0,
            -12.0,
            -12.0,
            -11.0,
            -9.0,
            -10.0,
            -8.0,
            -9.0,
            -11.0,
            -15.0,
            -13.0,
            -9.0,
            -11.0,
            -11.0,
            -10.0,
            -12.0,
            -12.0,
            -15.0,
            -11.0,
            -10.0,
            -14.0,
            -12.0,
            -9.0,
            -10.0,
            -14.0,
            -8.0,
            -6.0,
            -3.0,
            -4.0,
            1.0,
            0.0,
            5.0,
            1.0,
            4.0,
            7.0,
            7.0,
            4.0,
            11.0,
            7.0,
            4.0,
            5.0,
            11.0,
            10.0,
            6.0,
            10.0,
            7.0,
            7.0,
            5.0,
            4.0,
            5.0,
            6.0,
            4.0,
            -1.0,
            3.0,
            3.0,
            0.0,
            0.0,
            2.0,
            -4.0,
            2.0,
            -1.0,
            -1.0,
            -4.0,
            0.0,
            3.0,
            6.0,
            3.0,
            5.0,
            5.0,
            7.0,
            6.0,
            17.0,
            15.0,
            9.0,
            17.0,
            16.0,
            5.0,
            7.0,
            13.0,
            9.0,
            11.0,
            16.0,
            20.0,
            12.0,
            4.0,
            11.0,
            7.0,
            11.0,
            7.0,
            7.0,
            12.0,
            1.0,
            -1.0,
            0.0,
            4.0,
            0.0,
            4.0,
            0.0,
            -17.0,
            -5.0,
            -14.0,
            -6.0,
            -1.0,
            -6.0,
            -7.0
        ]
    }
]