[
    {
        "index": 4212,
        "subsequence": [
            -207.0,
            -221.0,
            -235.0,
            -249.0,
            -261.0,
            -271.0,
            -277.0,
            -280.0,
            -278.0,
            -270.0,
            -258.0,
            -242.0,
            -221.0,
            -194.0,
            -163.0,
            -128.0,
            -91.0,
            -54.0,
            -17.0,
            19.0,
            52.0,
            82.0,
            105.0,
            124.0,
            142.0,
            157.0,
            169.0,
            177.0,
            182.0,
            183.0,
            181.0,
            176.0,
            168.0,
            157.0,
            144.0,
            130.0,
            116.0,
            98.0,
            79.0,
            59.0,
            38.0,
            17.0,
            -2.0,
            -20.0,
            -33.0,
            -42.0,
            -46.0,
            -46.0,
            -41.0,
            -30.0,
            -14.0,
            7.0,
            32.0,
            59.0,
            88.0,
            117.0,
            145.0,
            170.0,
            192.0,
            209.0,
            220.0,
            227.0,
            231.0,
            231.0,
            227.0,
            220.0,
            209.0,
            195.0,
            179.0,
            161.0,
            142.0,
            121.0,
            102.0,
            85.0,
            66.0,
            47.0,
            28.0,
            10.0,
            -7.0,
            -24.0,
            -39.0,
            -53.0,
            -67.0,
            -80.0,
            -93.0,
            -105.0,
            -115.0,
            -127.0,
            -140.0,
            -153.0,
            -167.0,
            -181.0,
            -195.0,
            -208.0,
            -222.0,
            -234.0,
            -246.0,
            -255.0,
            -261.0,
            -266.0,
            -269.0,
            -267.0,
            -260.0,
            -248.0,
            -230.0,
            -206.0,
            -177.0,
            -144.0,
            -108.0,
            -71.0,
            -38.0,
            -8.0,
            24.0,
            56.0,
            86.0,
            113.0,
            137.0,
            156.0,
            171.0,
            183.0,
            190.0,
            194.0,
            194.0,
            192.0,
            187.0,
            179.0,
            169.0,
            156.0,
            141.0,
            124.0,
            105.0,
            85.0,
            63.0,
            42.0,
            21.0,
            4.0,
            -10.0,
            -22.0,
            -31.0,
            -35.0,
            -34.0,
            -28.0,
            -15.0,
            2.0,
            25.0,
            50.0,
            78.0,
            102.0,
            125.0,
            149.0
        ]
    },
    {
        "index": 4229,
        "subsequence": [
            -54.0,
            -17.0,
            19.0,
            52.0,
            82.0,
            105.0,
            124.0,
            142.0,
            157.0,
            169.0,
            177.0,
            182.0,
            183.0,
            181.0,
            176.0,
            168.0,
            157.0,
            144.0,
            130.0,
            116.0,
            98.0,
            79.0,
            59.0,
            38.0,
            17.0,
            -2.0,
            -20.0,
            -33.0,
            -42.0,
            -46.0,
            -46.0,
            -41.0,
            -30.0,
            -14.0,
            7.0,
            32.0,
            59.0,
            88.0,
            117.0,
            145.0,
            170.0,
            192.0,
            209.0,
            220.0,
            227.0,
            231.0,
            231.0,
            227.0,
            220.0,
            209.0,
            195.0,
            179.0,
            161.0,
            142.0,
            121.0,
            102.0,
            85.0,
            66.0,
            47.0,
            28.0,
            10.0,
            -7.0,
            -24.0,
            -39.0,
            -53.0,
            -67.0,
            -80.0,
            -93.0,
            -105.0,
            -115.0,
            -127.0,
            -140.0,
            -153.0,
            -167.0,
            -181.0,
            -195.0,
            -208.0,
            -222.0,
            -234.0,
            -246.0,
            -255.0,
            -261.0,
            -266.0,
            -269.0,
            -267.0,
            -260.0,
            -248.0,
            -230.0,
            -206.0,
            -177.0,
            -144.0,
            -108.0,
            -71.0,
            -38.0,
            -8.0,
            24.0,
            56.0,
            86.0,
            113.0,
            137.0,
            156.0,
            171.0,
            183.0,
            190.0,
            194.0,
            194.0,
            192.0,
            187.0,
            179.0,
            169.0,
            156.0,
            141.0,
            124.0,
            105.0,
            85.0,
            63.0,
            42.0,
            21.0,
            4.0,
            -10.0,
            -22.0,
            -31.0,
            -35.0,
            -34.0,
            -28.0,
            -15.0,
            2.0,
            25.0,
            50.0,
            78.0,
            102.0,
            125.0,
            149.0,
            172.0,
            193.0,
            210.0,
            223.0,
            231.0,
            235.0,
            233.0,
            228.0,
            218.0,
            206.0,
            192.0,
            177.0,
            159.0,
            140.0,
            123.0,
            108.0,
            91.0
        ]
    },
    {
        "index": 473,
        "subsequence": [
            -30.0,
            -40.0,
            -48.0,
            -53.0,
            -54.0,
            -52.0,
            -47.0,
            -38.0,
            -27.0,
            -15.0,
            0.0,
            18.0,
            37.0,
            55.0,
            73.0,
            89.0,
            102.0,
            113.0,
            121.0,
            126.0,
            128.0,
            127.0,
            124.0,
            119.0,
            112.0,
            102.0,
            91.0,
            78.0,
            65.0,
            50.0,
            36.0,
            21.0,
            7.0,
            -5.0,
            -16.0,
            -27.0,
            -39.0,
            -49.0,
            -60.0,
            -69.0,
            -78.0,
            -87.0,
            -96.0,
            -105.0,
            -116.0,
            -126.0,
            -132.0,
            -138.0,
            -146.0,
            -155.0,
            -164.0,
            -174.0,
            -183.0,
            -192.0,
            -200.0,
            -208.0,
            -213.0,
            -217.0,
            -218.0,
            -216.0,
            -212.0,
            -203.0,
            -191.0,
            -176.0,
            -163.0,
            -150.0,
            -130.0,
            -105.0,
            -79.0,
            -52.0,
            -26.0,
            -4.0,
            15.0,
            33.0,
            50.0,
            65.0,
            78.0,
            87.0,
            94.0,
            98.0,
            99.0,
            98.0,
            94.0,
            89.0,
            82.0,
            73.0,
            62.0,
            50.0,
            35.0,
            20.0,
            3.0,
            -13.0,
            -28.0,
            -43.0,
            -55.0,
            -64.0,
            -71.0,
            -75.0,
            -76.0,
            -73.0,
            -65.0,
            -54.0,
            -39.0,
            -21.0,
            -1.0,
            21.0,
            43.0,
            64.0,
            81.0,
            94.0,
            107.0,
            118.0,
            126.0,
            131.0,
            132.0,
            130.0,
            125.0,
            117.0,
            106.0,
            94.0,
            82.0,
            69.0,
            55.0,
            40.0,
            25.0,
            10.0,
            -5.0,
            -19.0,
            -32.0,
            -45.0,
            -57.0,
            -68.0,
            -78.0,
            -86.0,
            -93.0,
            -101.0,
            -109.0,
            -117.0,
            -125.0,
            -133.0,
            -141.0,
            -149.0,
            -158.0,
            -167.0,
            -175.0,
            -183.0,
            -189.0,
            -197.0,
            -205.0,
            -214.0
        ]
    },
    {
        "index": 4221,
        "subsequence": [
            -270.0,
            -258.0,
            -242.0,
            -221.0,
            -194.0,
            -163.0,
            -128.0,
            -91.0,
            -54.0,
            -17.0,
            19.0,
            52.0,
            82.0,
            105.0,
            124.0,
            142.0,
            157.0,
            169.0,
            177.0,
            182.0,
            183.0,
            181.0,
            176.0,
            168.0,
            157.0,
            144.0,
            130.0,
            116.0,
            98.0,
            79.0,
            59.0,
            38.0,
            17.0,
            -2.0,
            -20.0,
            -33.0,
            -42.0,
            -46.0,
            -46.0,
            -41.0,
            -30.0,
            -14.0,
            7.0,
            32.0,
            59.0,
            88.0,
            117.0,
            145.0,
            170.0,
            192.0,
            209.0,
            220.0,
            227.0,
            231.0,
            231.0,
            227.0,
            220.0,
            209.0,
            195.0,
            179.0,
            161.0,
            142.0,
            121.0,
            102.0,
            85.0,
            66.0,
            47.0,
            28.0,
            10.0,
            -7.0,
            -24.0,
            -39.0,
            -53.0,
            -67.0,
            -80.0,
            -93.0,
            -105.0,
            -115.0,
            -127.0,
            -140.0,
            -153.0,
            -167.0,
            -181.0,
            -195.0,
            -208.0,
            -222.0,
            -234.0,
            -246.0,
            -255.0,
            -261.0,
            -266.0,
            -269.0,
            -267.0,
            -260.0,
            -248.0,
            -230.0,
            -206.0,
            -177.0,
            -144.0,
            -108.0,
            -71.0,
            -38.0,
            -8.0,
            24.0,
            56.0,
            86.0,
            113.0,
            137.0,
            156.0,
            171.0,
            183.0,
            190.0,
            194.0,
            194.0,
            192.0,
            187.0,
            179.0,
            169.0,
            156.0,
            141.0,
            124.0,
            105.0,
            85.0,
            63.0,
            42.0,
            21.0,
            4.0,
            -10.0,
            -22.0,
            -31.0,
            -35.0,
            -34.0,
            -28.0,
            -15.0,
            2.0,
            25.0,
            50.0,
            78.0,
            102.0,
            125.0,
            149.0,
            172.0,
            193.0,
            210.0,
            223.0,
            231.0,
            235.0,
            233.0,
            228.0,
            218.0
        ]
    },
    {
        "index": 4262,
        "subsequence": [
            -14.0,
            7.0,
            32.0,
            59.0,
            88.0,
            117.0,
            145.0,
            170.0,
            192.0,
            209.0,
            220.0,
            227.0,
            231.0,
            231.0,
            227.0,
            220.0,
            209.0,
            195.0,
            179.0,
            161.0,
            142.0,
            121.0,
            102.0,
            85.0,
            66.0,
            47.0,
            28.0,
            10.0,
            -7.0,
            -24.0,
            -39.0,
            -53.0,
            -67.0,
            -80.0,
            -93.0,
            -105.0,
            -115.0,
            -127.0,
            -140.0,
            -153.0,
            -167.0,
            -181.0,
            -195.0,
            -208.0,
            -222.0,
            -234.0,
            -246.0,
            -255.0,
            -261.0,
            -266.0,
            -269.0,
            -267.0,
            -260.0,
            -248.0,
            -230.0,
            -206.0,
            -177.0,
            -144.0,
            -108.0,
            -71.0,
            -38.0,
            -8.0,
            24.0,
            56.0,
            86.0,
            113.0,
            137.0,
            156.0,
            171.0,
            183.0,
            190.0,
            194.0,
            194.0,
            192.0,
            187.0,
            179.0,
            169.0,
            156.0,
            141.0,
            124.0,
            105.0,
            85.0,
            63.0,
            42.0,
            21.0,
            4.0,
            -10.0,
            -22.0,
            -31.0,
            -35.0,
            -34.0,
            -28.0,
            -15.0,
            2.0,
            25.0,
            50.0,
            78.0,
            102.0,
            125.0,
            149.0,
            172.0,
            193.0,
            210.0,
            223.0,
            231.0,
            235.0,
            233.0,
            228.0,
            218.0,
            206.0,
            192.0,
            177.0,
            159.0,
            140.0,
            123.0,
            108.0,
            91.0,
            73.0,
            54.0,
            36.0,
            19.0,
            3.0,
            -9.0,
            -20.0,
            -32.0,
            -43.0,
            -55.0,
            -67.0,
            -79.0,
            -92.0,
            -105.0,
            -118.0,
            -131.0,
            -144.0,
            -158.0,
            -170.0,
            -180.0,
            -191.0,
            -203.0,
            -215.0,
            -225.0,
            -233.0,
            -238.0,
            -240.0,
            -238.0,
            -232.0,
            -220.0,
            -204.0,
            -186.0,
            -162.0
        ]
    }
]