[
    {
        "index": 1707,
        "subsequence": [
            221.0,
            290.0,
            338.0,
            376.0,
            383.0,
            350.0,
            274.0,
            184.0,
            105.0,
            46.0,
            8.0,
            -5.0,
            -22.0,
            -24.0,
            -26.0,
            -14.0,
            -17.0,
            -9.0,
            -15.0,
            -9.0,
            -9.0,
            -1.0,
            1.0,
            -2.0,
            2.0,
            3.0,
            -7.0,
            -11.0,
            -4.0,
            -5.0,
            -19.0,
            -14.0,
            1.0,
            2.0,
            2.0,
            -1.0,
            3.0,
            20.0,
            46.0,
            60.0,
            92.0,
            124.0,
            117.0,
            101.0,
            54.0,
            9.0,
            -7.0,
            -11.0,
            -28.0,
            -57.0,
            53.0,
            378.0,
            1040.0,
            639.0,
            56.0,
            -138.0,
            -120.0,
            -74.0,
            -71.0,
            -60.0,
            -58.0,
            -56.0,
            -49.0,
            -34.0,
            -26.0,
            -13.0,
            0.0,
            20.0,
            38.0,
            79.0,
            105.0,
            161.0,
            228.0,
            295.0,
            343.0,
            388.0,
            411.0,
            396.0,
            328.0,
            250.0,
            162.0,
            99.0,
            46.0,
            14.0,
            -11.0,
            -13.0,
            -18.0,
            -17.0,
            -18.0,
            -6.0,
            -9.0,
            -13.0,
            -11.0,
            -4.0,
            -6.0,
            0.0,
            -5.0,
            -3.0,
            -9.0,
            -2.0,
            -7.0,
            -14.0,
            -14.0,
            -12.0,
            -15.0,
            -9.0,
            -12.0,
            -9.0,
            -5.0,
            2.0,
            35.0,
            67.0,
            73.0,
            122.0,
            103.0,
            115.0,
            83.0,
            41.0,
            3.0,
            -2.0,
            -9.0,
            -15.0,
            -10.0,
            201.0,
            709.0,
            1032.0,
            305.0,
            -53.0,
            -101.0,
            -46.0,
            -25.0,
            -24.0,
            -21.0,
            -9.0,
            -4.0,
            10.0,
            19.0,
            30.0,
            38.0,
            63.0,
            81.0,
            112.0,
            144.0,
            191.0,
            246.0,
            315.0,
            368.0,
            421.0,
            451.0,
            453.0
        ]
    },
    {
        "index": 6340,
        "subsequence": [
            68.0,
            76.0,
            88.0,
            78.0,
            78.0,
            67.0,
            79.0,
            57.0,
            88.0,
            101.0,
            133.0,
            153.0,
            201.0,
            228.0,
            277.0,
            274.0,
            272.0,
            228.0,
            188.0,
            131.0,
            86.0,
            49.0,
            30.0,
            9.0,
            3.0,
            -8.0,
            -3.0,
            -12.0,
            -6.0,
            -20.0,
            -12.0,
            -16.0,
            -15.0,
            -23.0,
            -17.0,
            -23.0,
            -29.0,
            -46.0,
            -26.0,
            -43.0,
            -27.0,
            -41.0,
            -37.0,
            -45.0,
            -39.0,
            -55.0,
            -42.0,
            -44.0,
            6.0,
            29.0,
            18.0,
            -5.0,
            -5.0,
            -42.0,
            -52.0,
            -52.0,
            -65.0,
            -66.0,
            -67.0,
            -73.0,
            -99.0,
            27.0,
            554.0,
            1435.0,
            1330.0,
            330.0,
            30.0,
            -34.0,
            -45.0,
            -55.0,
            -49.0,
            -47.0,
            -38.0,
            -44.0,
            -31.0,
            -37.0,
            -31.0,
            -32.0,
            -21.0,
            -11.0,
            3.0,
            37.0,
            76.0,
            114.0,
            155.0,
            179.0,
            200.0,
            181.0,
            154.0,
            84.0,
            49.0,
            1.0,
            -29.0,
            -56.0,
            -60.0,
            -76.0,
            -74.0,
            -74.0,
            -74.0,
            -74.0,
            -69.0,
            -78.0,
            -66.0,
            -73.0,
            -70.0,
            -77.0,
            -79.0,
            -79.0,
            -85.0,
            -94.0,
            -76.0,
            -85.0,
            -81.0,
            -79.0,
            -80.0,
            -85.0,
            -85.0,
            -91.0,
            -86.0,
            -57.0,
            -14.0,
            -8.0,
            -16.0,
            -18.0,
            -39.0,
            -86.0,
            -76.0,
            -86.0,
            -97.0,
            -90.0,
            -85.0,
            -84.0,
            -137.0,
            139.0,
            844.0,
            1488.0,
            1005.0,
            155.0,
            -22.0,
            -55.0,
            -60.0,
            -64.0,
            -59.0,
            -51.0,
            -59.0,
            -50.0,
            -45.0,
            -48.0,
            -41.0,
            -43.0
        ]
    },
    {
        "index": 6077,
        "subsequence": [
            49.0,
            39.0,
            26.0,
            29.0,
            18.0,
            37.0,
            33.0,
            28.0,
            25.0,
            34.0,
            21.0,
            27.0,
            13.0,
            16.0,
            -1.0,
            14.0,
            2.0,
            16.0,
            -1.0,
            11.0,
            5.0,
            18.0,
            -3.0,
            11.0,
            15.0,
            17.0,
            14.0,
            54.0,
            87.0,
            84.0,
            61.0,
            61.0,
            25.0,
            18.0,
            14.0,
            11.0,
            -4.0,
            12.0,
            2.0,
            5.0,
            10.0,
            415.0,
            1305.0,
            1551.0,
            623.0,
            147.0,
            45.0,
            38.0,
            18.0,
            25.0,
            23.0,
            30.0,
            22.0,
            39.0,
            29.0,
            37.0,
            36.0,
            48.0,
            48.0,
            75.0,
            94.0,
            127.0,
            168.0,
            213.0,
            235.0,
            264.0,
            253.0,
            227.0,
            178.0,
            130.0,
            72.0,
            45.0,
            13.0,
            3.0,
            -16.0,
            -5.0,
            -16.0,
            -10.0,
            -18.0,
            -6.0,
            -15.0,
            -5.0,
            -10.0,
            -2.0,
            -20.0,
            -5.0,
            -12.0,
            -7.0,
            -21.0,
            -7.0,
            -20.0,
            -8.0,
            -12.0,
            -14.0,
            -23.0,
            -10.0,
            -15.0,
            -8.0,
            0.0,
            40.0,
            59.0,
            66.0,
            52.0,
            35.0,
            -6.0,
            -5.0,
            -15.0,
            -23.0,
            -25.0,
            -16.0,
            -36.0,
            -40.0,
            60.0,
            542.0,
            1407.0,
            1400.0,
            397.0,
            87.0,
            21.0,
            20.0,
            2.0,
            8.0,
            -10.0,
            14.0,
            8.0,
            25.0,
            12.0,
            26.0,
            26.0,
            32.0,
            44.0,
            66.0,
            88.0,
            127.0,
            166.0,
            203.0,
            232.0,
            254.0,
            244.0,
            221.0,
            159.0,
            107.0,
            60.0,
            37.0,
            4.0,
            -9.0,
            -13.0,
            -23.0,
            -21.0,
            -15.0
        ]
    },
    {
        "index": 11584,
        "subsequence": [
            70.0,
            5.0,
            -37.0,
            -98.0,
            -120.0,
            -173.0,
            -182.0,
            -201.0,
            -190.0,
            -206.0,
            -178.0,
            -199.0,
            -194.0,
            -198.0,
            -197.0,
            -198.0,
            -186.0,
            -201.0,
            -183.0,
            -196.0,
            -202.0,
            -198.0,
            -192.0,
            -198.0,
            -189.0,
            -201.0,
            -176.0,
            -188.0,
            -185.0,
            -192.0,
            -169.0,
            -152.0,
            -84.0,
            -109.0,
            -105.0,
            -125.0,
            -132.0,
            -178.0,
            -159.0,
            -178.0,
            -175.0,
            -189.0,
            -159.0,
            -173.0,
            -201.0,
            133.0,
            985.0,
            1407.0,
            640.0,
            11.0,
            -100.0,
            -130.0,
            -125.0,
            -134.0,
            -106.0,
            -120.0,
            -107.0,
            -120.0,
            -101.0,
            -105.0,
            -101.0,
            -97.0,
            -76.0,
            -75.0,
            -36.0,
            -18.0,
            37.0,
            65.0,
            109.0,
            112.0,
            128.0,
            104.0,
            68.0,
            -6.0,
            -34.0,
            -84.0,
            -108.0,
            -134.0,
            -128.0,
            -152.0,
            -139.0,
            -151.0,
            -136.0,
            -159.0,
            -134.0,
            -154.0,
            -143.0,
            -157.0,
            -143.0,
            -161.0,
            -157.0,
            -181.0,
            -153.0,
            -176.0,
            -166.0,
            -181.0,
            -172.0,
            -191.0,
            -179.0,
            -198.0,
            -175.0,
            -195.0,
            -163.0,
            -132.0,
            -86.0,
            -121.0,
            -117.0,
            -137.0,
            -165.0,
            -184.0,
            -170.0,
            -198.0,
            -194.0,
            -196.0,
            -178.0,
            -215.0,
            -116.0,
            341.0,
            1253.0,
            1261.0,
            298.0,
            -69.0,
            -121.0,
            -147.0,
            -135.0,
            -157.0,
            -132.0,
            -143.0,
            -122.0,
            -132.0,
            -111.0,
            -124.0,
            -104.0,
            -110.0,
            -84.0,
            -78.0,
            -37.0,
            -17.0,
            48.0,
            68.0,
            116.0,
            115.0,
            128.0,
            85.0,
            45.0,
            -25.0,
            -63.0,
            -107.0,
            -115.0,
            -153.0
        ]
    },
    {
        "index": 1710,
        "subsequence": [
            376.0,
            383.0,
            350.0,
            274.0,
            184.0,
            105.0,
            46.0,
            8.0,
            -5.0,
            -22.0,
            -24.0,
            -26.0,
            -14.0,
            -17.0,
            -9.0,
            -15.0,
            -9.0,
            -9.0,
            -1.0,
            1.0,
            -2.0,
            2.0,
            3.0,
            -7.0,
            -11.0,
            -4.0,
            -5.0,
            -19.0,
            -14.0,
            1.0,
            2.0,
            2.0,
            -1.0,
            3.0,
            20.0,
            46.0,
            60.0,
            92.0,
            124.0,
            117.0,
            101.0,
            54.0,
            9.0,
            -7.0,
            -11.0,
            -28.0,
            -57.0,
            53.0,
            378.0,
            1040.0,
            639.0,
            56.0,
            -138.0,
            -120.0,
            -74.0,
            -71.0,
            -60.0,
            -58.0,
            -56.0,
            -49.0,
            -34.0,
            -26.0,
            -13.0,
            0.0,
            20.0,
            38.0,
            79.0,
            105.0,
            161.0,
            228.0,
            295.0,
            343.0,
            388.0,
            411.0,
            396.0,
            328.0,
            250.0,
            162.0,
            99.0,
            46.0,
            14.0,
            -11.0,
            -13.0,
            -18.0,
            -17.0,
            -18.0,
            -6.0,
            -9.0,
            -13.0,
            -11.0,
            -4.0,
            -6.0,
            0.0,
            -5.0,
            -3.0,
            -9.0,
            -2.0,
            -7.0,
            -14.0,
            -14.0,
            -12.0,
            -15.0,
            -9.0,
            -12.0,
            -9.0,
            -5.0,
            2.0,
            35.0,
            67.0,
            73.0,
            122.0,
            103.0,
            115.0,
            83.0,
            41.0,
            3.0,
            -2.0,
            -9.0,
            -15.0,
            -10.0,
            201.0,
            709.0,
            1032.0,
            305.0,
            -53.0,
            -101.0,
            -46.0,
            -25.0,
            -24.0,
            -21.0,
            -9.0,
            -4.0,
            10.0,
            19.0,
            30.0,
            38.0,
            63.0,
            81.0,
            112.0,
            144.0,
            191.0,
            246.0,
            315.0,
            368.0,
            421.0,
            451.0,
            453.0,
            402.0,
            324.0,
            237.0
        ]
    }
]