[
    {
        "index": 8268,
        "subsequence": [
            -234.0,
            -236.0,
            -240.0,
            -244.0,
            -248.0,
            -251.0,
            -251.0,
            -250.0,
            -245.0,
            -234.0,
            -218.0,
            -196.0,
            -168.0,
            -138.0,
            -105.0,
            -72.0,
            -40.0,
            -10.0,
            16.0,
            38.0,
            61.0,
            84.0,
            106.0,
            127.0,
            145.0,
            162.0,
            177.0,
            189.0,
            200.0,
            209.0,
            215.0,
            218.0,
            218.0,
            216.0,
            213.0,
            207.0,
            199.0,
            188.0,
            176.0,
            164.0,
            152.0,
            140.0,
            128.0,
            117.0,
            107.0,
            97.0,
            87.0,
            76.0,
            65.0,
            54.0,
            43.0,
            32.0,
            22.0,
            11.0,
            0.0,
            -11.0,
            -21.0,
            -30.0,
            -39.0,
            -48.0,
            -58.0,
            -67.0,
            -77.0,
            -86.0,
            -94.0,
            -102.0,
            -110.0,
            -117.0,
            -124.0,
            -131.0,
            -138.0,
            -145.0,
            -150.0,
            -155.0,
            -161.0,
            -167.0,
            -173.0,
            -179.0,
            -185.0,
            -190.0,
            -195.0,
            -200.0,
            -205.0,
            -210.0,
            -213.0,
            -215.0,
            -219.0,
            -221.0,
            -224.0,
            -226.0,
            -228.0,
            -231.0,
            -234.0,
            -236.0,
            -239.0,
            -241.0,
            -245.0,
            -247.0,
            -249.0,
            -252.0,
            -255.0,
            -257.0,
            -256.0,
            -252.0,
            -242.0,
            -225.0,
            -203.0,
            -175.0,
            -144.0,
            -111.0,
            -82.0,
            -56.0,
            -27.0,
            1.0,
            29.0,
            54.0,
            78.0,
            101.0,
            121.0,
            140.0,
            157.0,
            172.0,
            185.0,
            194.0,
            200.0,
            205.0,
            209.0,
            211.0,
            210.0,
            207.0,
            201.0,
            192.0,
            183.0,
            172.0,
            160.0,
            149.0,
            138.0,
            128.0,
            117.0,
            107.0,
            96.0,
            86.0,
            76.0,
            65.0,
            55.0,
            45.0,
            34.0,
            24.0,
            15.0,
            7.0
        ]
    },
    {
        "index": 12835,
        "subsequence": [
            -234.0,
            -220.0,
            -200.0,
            -174.0,
            -144.0,
            -111.0,
            -78.0,
            -45.0,
            -13.0,
            16.0,
            44.0,
            69.0,
            92.0,
            111.0,
            126.0,
            142.0,
            158.0,
            172.0,
            186.0,
            197.0,
            206.0,
            212.0,
            217.0,
            218.0,
            217.0,
            213.0,
            207.0,
            199.0,
            190.0,
            179.0,
            167.0,
            155.0,
            142.0,
            130.0,
            118.0,
            106.0,
            94.0,
            83.0,
            72.0,
            61.0,
            51.0,
            41.0,
            31.0,
            21.0,
            11.0,
            1.0,
            -9.0,
            -19.0,
            -29.0,
            -40.0,
            -50.0,
            -60.0,
            -69.0,
            -77.0,
            -84.0,
            -91.0,
            -98.0,
            -106.0,
            -114.0,
            -121.0,
            -128.0,
            -136.0,
            -143.0,
            -150.0,
            -156.0,
            -161.0,
            -166.0,
            -170.0,
            -175.0,
            -181.0,
            -187.0,
            -193.0,
            -198.0,
            -204.0,
            -209.0,
            -214.0,
            -217.0,
            -221.0,
            -223.0,
            -225.0,
            -226.0,
            -227.0,
            -229.0,
            -231.0,
            -233.0,
            -235.0,
            -238.0,
            -241.0,
            -245.0,
            -249.0,
            -253.0,
            -256.0,
            -258.0,
            -256.0,
            -250.0,
            -240.0,
            -224.0,
            -202.0,
            -175.0,
            -145.0,
            -113.0,
            -80.0,
            -48.0,
            -17.0,
            12.0,
            36.0,
            56.0,
            78.0,
            98.0,
            118.0,
            136.0,
            153.0,
            168.0,
            181.0,
            192.0,
            201.0,
            208.0,
            211.0,
            211.0,
            209.0,
            205.0,
            199.0,
            191.0,
            181.0,
            171.0,
            159.0,
            147.0,
            136.0,
            124.0,
            113.0,
            102.0,
            92.0,
            82.0,
            72.0,
            62.0,
            52.0,
            42.0,
            32.0,
            22.0,
            12.0,
            2.0,
            -8.0,
            -17.0,
            -26.0,
            -34.0,
            -41.0,
            -49.0,
            -56.0,
            -64.0,
            -71.0
        ]
    },
    {
        "index": 133,
        "subsequence": [
            -45.0,
            -57.0,
            -66.0,
            -76.0,
            -86.0,
            -97.0,
            -108.0,
            -119.0,
            -130.0,
            -142.0,
            -155.0,
            -166.0,
            -176.0,
            -188.0,
            -200.0,
            -213.0,
            -226.0,
            -239.0,
            -251.0,
            -261.0,
            -268.0,
            -271.0,
            -270.0,
            -263.0,
            -252.0,
            -237.0,
            -216.0,
            -191.0,
            -161.0,
            -128.0,
            -94.0,
            -60.0,
            -27.0,
            4.0,
            33.0,
            57.0,
            76.0,
            91.0,
            104.0,
            114.0,
            121.0,
            125.0,
            125.0,
            123.0,
            118.0,
            110.0,
            100.0,
            87.0,
            71.0,
            56.0,
            41.0,
            23.0,
            3.0,
            -18.0,
            -40.0,
            -60.0,
            -80.0,
            -97.0,
            -110.0,
            -119.0,
            -123.0,
            -122.0,
            -116.0,
            -105.0,
            -88.0,
            -66.0,
            -40.0,
            -12.0,
            18.0,
            48.0,
            77.0,
            102.0,
            124.0,
            140.0,
            152.0,
            158.0,
            161.0,
            161.0,
            157.0,
            150.0,
            139.0,
            125.0,
            109.0,
            91.0,
            71.0,
            51.0,
            34.0,
            19.0,
            2.0,
            -14.0,
            -30.0,
            -44.0,
            -57.0,
            -67.0,
            -76.0,
            -84.0,
            -89.0,
            -93.0,
            -95.0,
            -96.0,
            -96.0,
            -96.0,
            -97.0,
            -99.0,
            -102.0,
            -106.0,
            -112.0,
            -118.0,
            -124.0,
            -130.0,
            -136.0,
            -140.0,
            -143.0,
            -147.0,
            -150.0,
            -150.0,
            -147.0,
            -140.0,
            -126.0,
            -106.0,
            -80.0,
            -48.0,
            -11.0,
            29.0,
            65.0,
            100.0,
            139.0,
            178.0,
            225.0,
            265.0,
            292.0,
            318.0,
            343.0,
            366.0,
            385.0,
            401.0,
            410.0,
            416.0,
            420.0,
            421.0,
            418.0,
            411.0,
            400.0,
            385.0,
            366.0,
            345.0,
            321.0,
            296.0,
            241.0,
            175.0
        ]
    },
    {
        "index": 4073,
        "subsequence": [
            -32.0,
            -33.0,
            -27.0,
            -16.0,
            1.0,
            24.0,
            50.0,
            80.0,
            110.0,
            140.0,
            168.0,
            193.0,
            212.0,
            226.0,
            239.0,
            248.0,
            252.0,
            252.0,
            247.0,
            238.0,
            226.0,
            210.0,
            193.0,
            173.0,
            155.0,
            137.0,
            117.0,
            96.0,
            75.0,
            54.0,
            34.0,
            15.0,
            -2.0,
            -17.0,
            -31.0,
            -45.0,
            -58.0,
            -68.0,
            -78.0,
            -90.0,
            -103.0,
            -117.0,
            -132.0,
            -147.0,
            -162.0,
            -177.0,
            -193.0,
            -212.0,
            -232.0,
            -245.0,
            -256.0,
            -266.0,
            -275.0,
            -281.0,
            -283.0,
            -280.0,
            -271.0,
            -255.0,
            -233.0,
            -205.0,
            -172.0,
            -136.0,
            -102.0,
            -70.0,
            -34.0,
            3.0,
            38.0,
            71.0,
            100.0,
            125.0,
            146.0,
            164.0,
            177.0,
            186.0,
            191.0,
            193.0,
            192.0,
            188.0,
            182.0,
            172.0,
            160.0,
            146.0,
            130.0,
            112.0,
            92.0,
            72.0,
            50.0,
            31.0,
            14.0,
            -5.0,
            -21.0,
            -34.0,
            -43.0,
            -45.0,
            -42.0,
            -32.0,
            -17.0,
            4.0,
            29.0,
            53.0,
            76.0,
            104.0,
            132.0,
            159.0,
            183.0,
            204.0,
            220.0,
            232.0,
            239.0,
            241.0,
            238.0,
            231.0,
            221.0,
            209.0,
            194.0,
            177.0,
            158.0,
            138.0,
            116.0,
            94.0,
            73.0,
            51.0,
            30.0,
            11.0,
            -6.0,
            -20.0,
            -34.0,
            -49.0,
            -63.0,
            -77.0,
            -90.0,
            -104.0,
            -117.0,
            -131.0,
            -144.0,
            -159.0,
            -170.0,
            -181.0,
            -194.0,
            -207.0,
            -221.0,
            -235.0,
            -249.0,
            -261.0,
            -271.0,
            -277.0,
            -280.0,
            -278.0,
            -270.0,
            -258.0
        ]
    },
    {
        "index": 498,
        "subsequence": [
            102.0,
            91.0,
            78.0,
            65.0,
            50.0,
            36.0,
            21.0,
            7.0,
            -5.0,
            -16.0,
            -27.0,
            -39.0,
            -49.0,
            -60.0,
            -69.0,
            -78.0,
            -87.0,
            -96.0,
            -105.0,
            -116.0,
            -126.0,
            -132.0,
            -138.0,
            -146.0,
            -155.0,
            -164.0,
            -174.0,
            -183.0,
            -192.0,
            -200.0,
            -208.0,
            -213.0,
            -217.0,
            -218.0,
            -216.0,
            -212.0,
            -203.0,
            -191.0,
            -176.0,
            -163.0,
            -150.0,
            -130.0,
            -105.0,
            -79.0,
            -52.0,
            -26.0,
            -4.0,
            15.0,
            33.0,
            50.0,
            65.0,
            78.0,
            87.0,
            94.0,
            98.0,
            99.0,
            98.0,
            94.0,
            89.0,
            82.0,
            73.0,
            62.0,
            50.0,
            35.0,
            20.0,
            3.0,
            -13.0,
            -28.0,
            -43.0,
            -55.0,
            -64.0,
            -71.0,
            -75.0,
            -76.0,
            -73.0,
            -65.0,
            -54.0,
            -39.0,
            -21.0,
            -1.0,
            21.0,
            43.0,
            64.0,
            81.0,
            94.0,
            107.0,
            118.0,
            126.0,
            131.0,
            132.0,
            130.0,
            125.0,
            117.0,
            106.0,
            94.0,
            82.0,
            69.0,
            55.0,
            40.0,
            25.0,
            10.0,
            -5.0,
            -19.0,
            -32.0,
            -45.0,
            -57.0,
            -68.0,
            -78.0,
            -86.0,
            -93.0,
            -101.0,
            -109.0,
            -117.0,
            -125.0,
            -133.0,
            -141.0,
            -149.0,
            -158.0,
            -167.0,
            -175.0,
            -183.0,
            -189.0,
            -197.0,
            -205.0,
            -214.0,
            -221.0,
            -226.0,
            -229.0,
            -229.0,
            -226.0,
            -218.0,
            -207.0,
            -192.0,
            -175.0,
            -157.0,
            -135.0,
            -111.0,
            -85.0,
            -60.0,
            -36.0,
            -13.0,
            7.0,
            25.0,
            41.0,
            54.0,
            62.0,
            68.0,
            73.0,
            75.0,
            76.0
        ]
    }
]