[
    {
        "index": 263,
        "subsequence": [
            41.0,
            36.0,
            31.0,
            28.0,
            25.0,
            20.0,
            15.0,
            10.0,
            7.0,
            5.0,
            5.0,
            5.0,
            5.0,
            2.0,
            -3.0,
            -6.0,
            -11.0,
            -12.0,
            -15.0,
            -19.0,
            -23.0,
            -31.0,
            -38.0,
            -43.0,
            -46.0,
            -46.0,
            -47.0,
            -47.0,
            -47.0,
            -51.0,
            -57.0,
            -59.0,
            -47.0,
            -30.0,
            -19.0,
            -14.0,
            -4.0,
            13.0,
            34.0,
            53.0,
            79.0,
            106.0,
            130.0,
            151.0,
            168.0,
            181.0,
            196.0,
            210.0,
            224.0,
            234.0,
            242.0,
            245.0,
            247.0,
            247.0,
            247.0,
            245.0,
            244.0,
            242.0,
            240.0,
            240.0,
            240.0,
            239.0,
            234.0,
            229.0,
            224.0,
            220.0,
            213.0,
            207.0,
            196.0,
            184.0,
            167.0,
            144.0,
            117.0,
            89.0,
            61.0,
            42.0,
            34.0,
            36.0,
            42.0,
            52.0,
            58.0,
            61.0,
            58.0,
            53.0,
            50.0,
            50.0,
            52.0,
            53.0,
            57.0,
            58.0,
            60.0,
            58.0,
            55.0,
            50.0,
            45.0,
            42.0,
            37.0,
            34.0,
            31.0,
            26.0,
            21.0,
            17.0,
            12.0,
            7.0,
            5.0,
            5.0,
            4.0,
            4.0,
            1.0,
            -1.0,
            -6.0,
            -9.0,
            -12.0,
            -14.0,
            -17.0,
            -23.0,
            -33.0,
            -39.0,
            -46.0,
            -51.0,
            -54.0,
            -59.0,
            -60.0,
            -60.0,
            -62.0,
            -62.0,
            -52.0,
            -35.0,
            -20.0,
            -14.0,
            -7.0,
            5.0,
            23.0,
            44.0,
            68.0,
            95.0,
            119.0,
            138.0,
            154.0,
            170.0,
            186.0,
            200.0,
            213.0,
            221.0,
            226.0,
            231.0,
            232.0,
            232.0,
            231.0,
            229.0
        ]
    },
    {
        "index": 1518,
        "subsequence": [
            45.0,
            58.0,
            66.0,
            71.0,
            69.0,
            65.0,
            60.0,
            58.0,
            58.0,
            60.0,
            63.0,
            65.0,
            63.0,
            60.0,
            53.0,
            49.0,
            42.0,
            39.0,
            36.0,
            34.0,
            31.0,
            28.0,
            23.0,
            18.0,
            15.0,
            13.0,
            12.0,
            10.0,
            9.0,
            7.0,
            7.0,
            4.0,
            1.0,
            -4.0,
            -11.0,
            -15.0,
            -19.0,
            -20.0,
            -22.0,
            -22.0,
            -23.0,
            -27.0,
            -35.0,
            -41.0,
            -47.0,
            -51.0,
            -52.0,
            -54.0,
            -52.0,
            -51.0,
            -52.0,
            -55.0,
            -54.0,
            -41.0,
            -25.0,
            -15.0,
            -11.0,
            2.0,
            23.0,
            45.0,
            69.0,
            95.0,
            122.0,
            144.0,
            162.0,
            178.0,
            192.0,
            208.0,
            221.0,
            232.0,
            237.0,
            239.0,
            240.0,
            242.0,
            245.0,
            247.0,
            247.0,
            247.0,
            245.0,
            245.0,
            245.0,
            245.0,
            244.0,
            240.0,
            234.0,
            228.0,
            220.0,
            212.0,
            200.0,
            189.0,
            176.0,
            159.0,
            136.0,
            104.0,
            68.0,
            42.0,
            29.0,
            29.0,
            34.0,
            42.0,
            53.0,
            61.0,
            63.0,
            61.0,
            58.0,
            55.0,
            55.0,
            55.0,
            58.0,
            61.0,
            65.0,
            65.0,
            61.0,
            57.0,
            50.0,
            44.0,
            37.0,
            33.0,
            28.0,
            25.0,
            20.0,
            17.0,
            13.0,
            10.0,
            9.0,
            7.0,
            4.0,
            1.0,
            -3.0,
            -4.0,
            -7.0,
            -11.0,
            -15.0,
            -19.0,
            -22.0,
            -25.0,
            -28.0,
            -31.0,
            -33.0,
            -36.0,
            -41.0,
            -46.0,
            -52.0,
            -57.0,
            -59.0,
            -59.0,
            -59.0,
            -59.0,
            -59.0,
            -62.0
        ]
    },
    {
        "index": 280,
        "subsequence": [
            -12.0,
            -15.0,
            -19.0,
            -23.0,
            -31.0,
            -38.0,
            -43.0,
            -46.0,
            -46.0,
            -47.0,
            -47.0,
            -47.0,
            -51.0,
            -57.0,
            -59.0,
            -47.0,
            -30.0,
            -19.0,
            -14.0,
            -4.0,
            13.0,
            34.0,
            53.0,
            79.0,
            106.0,
            130.0,
            151.0,
            168.0,
            181.0,
            196.0,
            210.0,
            224.0,
            234.0,
            242.0,
            245.0,
            247.0,
            247.0,
            247.0,
            245.0,
            244.0,
            242.0,
            240.0,
            240.0,
            240.0,
            239.0,
            234.0,
            229.0,
            224.0,
            220.0,
            213.0,
            207.0,
            196.0,
            184.0,
            167.0,
            144.0,
            117.0,
            89.0,
            61.0,
            42.0,
            34.0,
            36.0,
            42.0,
            52.0,
            58.0,
            61.0,
            58.0,
            53.0,
            50.0,
            50.0,
            52.0,
            53.0,
            57.0,
            58.0,
            60.0,
            58.0,
            55.0,
            50.0,
            45.0,
            42.0,
            37.0,
            34.0,
            31.0,
            26.0,
            21.0,
            17.0,
            12.0,
            7.0,
            5.0,
            5.0,
            4.0,
            4.0,
            1.0,
            -1.0,
            -6.0,
            -9.0,
            -12.0,
            -14.0,
            -17.0,
            -23.0,
            -33.0,
            -39.0,
            -46.0,
            -51.0,
            -54.0,
            -59.0,
            -60.0,
            -60.0,
            -62.0,
            -62.0,
            -52.0,
            -35.0,
            -20.0,
            -14.0,
            -7.0,
            5.0,
            23.0,
            44.0,
            68.0,
            95.0,
            119.0,
            138.0,
            154.0,
            170.0,
            186.0,
            200.0,
            213.0,
            221.0,
            226.0,
            231.0,
            232.0,
            232.0,
            231.0,
            229.0,
            228.0,
            224.0,
            221.0,
            218.0,
            216.0,
            213.0,
            210.0,
            205.0,
            200.0,
            194.0,
            184.0,
            173.0,
            160.0,
            144.0,
            130.0,
            111.0,
            87.0
        ]
    },
    {
        "index": 222,
        "subsequence": [
            248.0,
            247.0,
            247.0,
            245.0,
            242.0,
            240.0,
            240.0,
            242.0,
            240.0,
            237.0,
            234.0,
            231.0,
            228.0,
            221.0,
            212.0,
            197.0,
            180.0,
            160.0,
            140.0,
            112.0,
            82.0,
            52.0,
            29.0,
            20.0,
            21.0,
            31.0,
            45.0,
            58.0,
            63.0,
            61.0,
            57.0,
            52.0,
            50.0,
            50.0,
            52.0,
            53.0,
            57.0,
            58.0,
            57.0,
            52.0,
            47.0,
            41.0,
            36.0,
            31.0,
            28.0,
            25.0,
            20.0,
            15.0,
            10.0,
            7.0,
            5.0,
            5.0,
            5.0,
            5.0,
            2.0,
            -3.0,
            -6.0,
            -11.0,
            -12.0,
            -15.0,
            -19.0,
            -23.0,
            -31.0,
            -38.0,
            -43.0,
            -46.0,
            -46.0,
            -47.0,
            -47.0,
            -47.0,
            -51.0,
            -57.0,
            -59.0,
            -47.0,
            -30.0,
            -19.0,
            -14.0,
            -4.0,
            13.0,
            34.0,
            53.0,
            79.0,
            106.0,
            130.0,
            151.0,
            168.0,
            181.0,
            196.0,
            210.0,
            224.0,
            234.0,
            242.0,
            245.0,
            247.0,
            247.0,
            247.0,
            245.0,
            244.0,
            242.0,
            240.0,
            240.0,
            240.0,
            239.0,
            234.0,
            229.0,
            224.0,
            220.0,
            213.0,
            207.0,
            196.0,
            184.0,
            167.0,
            144.0,
            117.0,
            89.0,
            61.0,
            42.0,
            34.0,
            36.0,
            42.0,
            52.0,
            58.0,
            61.0,
            58.0,
            53.0,
            50.0,
            50.0,
            52.0,
            53.0,
            57.0,
            58.0,
            60.0,
            58.0,
            55.0,
            50.0,
            45.0,
            42.0,
            37.0,
            34.0,
            31.0,
            26.0,
            21.0,
            17.0,
            12.0,
            7.0,
            5.0,
            5.0,
            4.0,
            4.0,
            1.0
        ]
    },
    {
        "index": 204,
        "subsequence": [
            -30.0,
            -15.0,
            5.0,
            29.0,
            57.0,
            89.0,
            119.0,
            146.0,
            167.0,
            184.0,
            199.0,
            216.0,
            231.0,
            242.0,
            248.0,
            250.0,
            250.0,
            250.0,
            248.0,
            247.0,
            247.0,
            245.0,
            242.0,
            240.0,
            240.0,
            242.0,
            240.0,
            237.0,
            234.0,
            231.0,
            228.0,
            221.0,
            212.0,
            197.0,
            180.0,
            160.0,
            140.0,
            112.0,
            82.0,
            52.0,
            29.0,
            20.0,
            21.0,
            31.0,
            45.0,
            58.0,
            63.0,
            61.0,
            57.0,
            52.0,
            50.0,
            50.0,
            52.0,
            53.0,
            57.0,
            58.0,
            57.0,
            52.0,
            47.0,
            41.0,
            36.0,
            31.0,
            28.0,
            25.0,
            20.0,
            15.0,
            10.0,
            7.0,
            5.0,
            5.0,
            5.0,
            5.0,
            2.0,
            -3.0,
            -6.0,
            -11.0,
            -12.0,
            -15.0,
            -19.0,
            -23.0,
            -31.0,
            -38.0,
            -43.0,
            -46.0,
            -46.0,
            -47.0,
            -47.0,
            -47.0,
            -51.0,
            -57.0,
            -59.0,
            -47.0,
            -30.0,
            -19.0,
            -14.0,
            -4.0,
            13.0,
            34.0,
            53.0,
            79.0,
            106.0,
            130.0,
            151.0,
            168.0,
            181.0,
            196.0,
            210.0,
            224.0,
            234.0,
            242.0,
            245.0,
            247.0,
            247.0,
            247.0,
            245.0,
            244.0,
            242.0,
            240.0,
            240.0,
            240.0,
            239.0,
            234.0,
            229.0,
            224.0,
            220.0,
            213.0,
            207.0,
            196.0,
            184.0,
            167.0,
            144.0,
            117.0,
            89.0,
            61.0,
            42.0,
            34.0,
            36.0,
            42.0,
            52.0,
            58.0,
            61.0,
            58.0,
            53.0,
            50.0,
            50.0,
            52.0,
            53.0,
            57.0,
            58.0,
            60.0
        ]
    }
]