[
    {
        "index": 13314,
        "subsequence": [
            292.0,
            297.0,
            284.0,
            274.0,
            270.0,
            252.0,
            235.0,
            225.0,
            228.0,
            238.0,
            247.0,
            252.0,
            257.0,
            260.0,
            260.0,
            260.0,
            255.0,
            245.0,
            228.0,
            208.0,
            188.0,
            166.0,
            144.0,
            127.0,
            115.0,
            110.0,
            110.0,
            117.0,
            119.0,
            117.0,
            107.0,
            102.0,
            102.0,
            107.0,
            107.0,
            97.0,
            80.0,
            60.0,
            48.0,
            43.0,
            51.0,
            63.0,
            68.0,
            58.0,
            43.0,
            41.0,
            48.0,
            51.0,
            41.0,
            24.0,
            16.0,
            9.0,
            -8.0,
            -28.0,
            -35.0,
            -28.0,
            -16.0,
            1.0,
            21.0,
            31.0,
            11.0,
            -43.0,
            -107.0,
            -139.0,
            -114.0,
            -38.0,
            73.0,
            193.0,
            287.0,
            326.0,
            311.0,
            267.0,
            223.0,
            203.0,
            210.0,
            242.0,
            282.0,
            314.0,
            336.0,
            341.0,
            333.0,
            314.0,
            289.0,
            267.0,
            255.0,
            250.0,
            245.0,
            235.0,
            215.0,
            188.0,
            154.0,
            110.0,
            73.0,
            65.0,
            95.0,
            129.0,
            139.0,
            122.0,
            107.0,
            105.0,
            97.0,
            80.0,
            58.0,
            36.0,
            21.0,
            16.0,
            21.0,
            31.0,
            38.0,
            41.0,
            36.0,
            29.0,
            19.0,
            11.0,
            9.0,
            11.0,
            14.0,
            9.0,
            4.0,
            -3.0,
            -11.0,
            -16.0,
            -21.0,
            -21.0,
            -23.0,
            -23.0,
            -26.0,
            -28.0,
            -31.0,
            -35.0,
            -40.0,
            -45.0,
            -50.0,
            -55.0,
            -60.0,
            -65.0,
            -70.0,
            -72.0,
            -72.0,
            -65.0,
            -48.0,
            -28.0,
            -23.0,
            -43.0,
            -80.0,
            -112.0,
            -131.0,
            -139.0,
            -139.0,
            -129.0
        ]
    },
    {
        "index": 7417,
        "subsequence": [
            256.0,
            248.0,
            239.0,
            228.0,
            215.0,
            199.0,
            180.0,
            151.0,
            117.0,
            84.0,
            57.0,
            41.0,
            39.0,
            49.0,
            65.0,
            81.0,
            90.0,
            92.0,
            90.0,
            85.0,
            82.0,
            82.0,
            85.0,
            89.0,
            93.0,
            97.0,
            97.0,
            92.0,
            82.0,
            71.0,
            60.0,
            50.0,
            44.0,
            39.0,
            34.0,
            31.0,
            26.0,
            21.0,
            15.0,
            12.0,
            9.0,
            9.0,
            12.0,
            15.0,
            15.0,
            12.0,
            4.0,
            -6.0,
            -14.0,
            -19.0,
            -22.0,
            -25.0,
            -23.0,
            -25.0,
            -30.0,
            -36.0,
            -31.0,
            -12.0,
            9.0,
            20.0,
            25.0,
            36.0,
            52.0,
            69.0,
            92.0,
            120.0,
            149.0,
            175.0,
            194.0,
            212.0,
            226.0,
            242.0,
            255.0,
            268.0,
            279.0,
            287.0,
            292.0,
            293.0,
            292.0,
            287.0,
            284.0,
            279.0,
            274.0,
            233.0,
            223.0,
            242.0,
            279.0,
            321.0,
            353.0,
            365.0,
            360.0,
            341.0,
            314.0,
            294.0,
            279.0,
            272.0,
            267.0,
            260.0,
            247.0,
            225.0,
            188.0,
            139.0,
            92.0,
            70.0,
            90.0,
            127.0,
            144.0,
            132.0,
            117.0,
            117.0,
            117.0,
            105.0,
            78.0,
            51.0,
            31.0,
            26.0,
            33.0,
            48.0,
            60.0,
            63.0,
            56.0,
            43.0,
            33.0,
            26.0,
            24.0,
            24.0,
            24.0,
            26.0,
            24.0,
            21.0,
            14.0,
            6.0,
            1.0,
            -1.0,
            -3.0,
            -6.0,
            -8.0,
            -11.0,
            -13.0,
            -18.0,
            -23.0,
            -31.0,
            -35.0,
            -40.0,
            -45.0,
            -48.0,
            -50.0,
            -53.0,
            -55.0,
            -58.0
        ]
    },
    {
        "index": 5984,
        "subsequence": [
            215.0,
            220.0,
            216.0,
            212.0,
            205.0,
            199.0,
            191.0,
            184.0,
            181.0,
            181.0,
            183.0,
            184.0,
            189.0,
            194.0,
            197.0,
            197.0,
            194.0,
            189.0,
            180.0,
            167.0,
            151.0,
            135.0,
            117.0,
            92.0,
            57.0,
            13.0,
            -23.0,
            -44.0,
            -47.0,
            -41.0,
            -30.0,
            -22.0,
            -20.0,
            -27.0,
            -31.0,
            -27.0,
            -14.0,
            1.0,
            4.0,
            -3.0,
            -15.0,
            -28.0,
            -39.0,
            -44.0,
            -44.0,
            -43.0,
            -39.0,
            -38.0,
            -39.0,
            -43.0,
            -41.0,
            -31.0,
            -15.0,
            -1.0,
            7.0,
            17.0,
            36.0,
            61.0,
            89.0,
            116.0,
            143.0,
            168.0,
            189.0,
            204.0,
            213.0,
            221.0,
            231.0,
            239.0,
            242.0,
            240.0,
            237.0,
            229.0,
            221.0,
            213.0,
            208.0,
            205.0,
            204.0,
            200.0,
            197.0,
            194.0,
            192.0,
            189.0,
            183.0,
            173.0,
            164.0,
            152.0,
            141.0,
            130.0,
            116.0,
            95.0,
            66.0,
            33.0,
            1.0,
            -30.0,
            -54.0,
            -68.0,
            -67.0,
            -49.0,
            -28.0,
            -7.0,
            7.0,
            18.0,
            25.0,
            29.0,
            31.0,
            29.0,
            26.0,
            21.0,
            17.0,
            12.0,
            7.0,
            2.0,
            -1.0,
            -4.0,
            -6.0,
            -7.0,
            -7.0,
            -7.0,
            -9.0,
            -11.0,
            -12.0,
            -14.0,
            -15.0,
            -17.0,
            -19.0,
            -20.0,
            -23.0,
            -25.0,
            -27.0,
            -30.0,
            -28.0,
            -27.0,
            -25.0,
            -25.0,
            -27.0,
            -30.0,
            -36.0,
            -46.0,
            -55.0,
            -67.0,
            -78.0,
            -89.0,
            -100.0,
            -106.0,
            -105.0,
            -100.0,
            -92.0,
            -83.0,
            -71.0,
            -59.0
        ]
    },
    {
        "index": 5921,
        "subsequence": [
            28.0,
            28.0,
            34.0,
            42.0,
            50.0,
            53.0,
            52.0,
            45.0,
            39.0,
            33.0,
            29.0,
            28.0,
            28.0,
            29.0,
            29.0,
            26.0,
            23.0,
            17.0,
            12.0,
            9.0,
            7.0,
            4.0,
            1.0,
            -3.0,
            -7.0,
            -14.0,
            -20.0,
            -27.0,
            -35.0,
            -41.0,
            -49.0,
            -57.0,
            -65.0,
            -73.0,
            -83.0,
            -91.0,
            -97.0,
            -99.0,
            -99.0,
            -97.0,
            -95.0,
            -95.0,
            -97.0,
            -99.0,
            -103.0,
            -105.0,
            -100.0,
            -86.0,
            -71.0,
            -63.0,
            -57.0,
            -43.0,
            -22.0,
            2.0,
            29.0,
            61.0,
            92.0,
            119.0,
            141.0,
            160.0,
            178.0,
            192.0,
            207.0,
            215.0,
            220.0,
            216.0,
            212.0,
            205.0,
            199.0,
            191.0,
            184.0,
            181.0,
            181.0,
            183.0,
            184.0,
            189.0,
            194.0,
            197.0,
            197.0,
            194.0,
            189.0,
            180.0,
            167.0,
            151.0,
            135.0,
            117.0,
            92.0,
            57.0,
            13.0,
            -23.0,
            -44.0,
            -47.0,
            -41.0,
            -30.0,
            -22.0,
            -20.0,
            -27.0,
            -31.0,
            -27.0,
            -14.0,
            1.0,
            4.0,
            -3.0,
            -15.0,
            -28.0,
            -39.0,
            -44.0,
            -44.0,
            -43.0,
            -39.0,
            -38.0,
            -39.0,
            -43.0,
            -41.0,
            -31.0,
            -15.0,
            -1.0,
            7.0,
            17.0,
            36.0,
            61.0,
            89.0,
            116.0,
            143.0,
            168.0,
            189.0,
            204.0,
            213.0,
            221.0,
            231.0,
            239.0,
            242.0,
            240.0,
            237.0,
            229.0,
            221.0,
            213.0,
            208.0,
            205.0,
            204.0,
            200.0,
            197.0,
            194.0,
            192.0,
            189.0,
            183.0,
            173.0,
            164.0,
            152.0,
            141.0
        ]
    },
    {
        "index": 5922,
        "subsequence": [
            28.0,
            34.0,
            42.0,
            50.0,
            53.0,
            52.0,
            45.0,
            39.0,
            33.0,
            29.0,
            28.0,
            28.0,
            29.0,
            29.0,
            26.0,
            23.0,
            17.0,
            12.0,
            9.0,
            7.0,
            4.0,
            1.0,
            -3.0,
            -7.0,
            -14.0,
            -20.0,
            -27.0,
            -35.0,
            -41.0,
            -49.0,
            -57.0,
            -65.0,
            -73.0,
            -83.0,
            -91.0,
            -97.0,
            -99.0,
            -99.0,
            -97.0,
            -95.0,
            -95.0,
            -97.0,
            -99.0,
            -103.0,
            -105.0,
            -100.0,
            -86.0,
            -71.0,
            -63.0,
            -57.0,
            -43.0,
            -22.0,
            2.0,
            29.0,
            61.0,
            92.0,
            119.0,
            141.0,
            160.0,
            178.0,
            192.0,
            207.0,
            215.0,
            220.0,
            216.0,
            212.0,
            205.0,
            199.0,
            191.0,
            184.0,
            181.0,
            181.0,
            183.0,
            184.0,
            189.0,
            194.0,
            197.0,
            197.0,
            194.0,
            189.0,
            180.0,
            167.0,
            151.0,
            135.0,
            117.0,
            92.0,
            57.0,
            13.0,
            -23.0,
            -44.0,
            -47.0,
            -41.0,
            -30.0,
            -22.0,
            -20.0,
            -27.0,
            -31.0,
            -27.0,
            -14.0,
            1.0,
            4.0,
            -3.0,
            -15.0,
            -28.0,
            -39.0,
            -44.0,
            -44.0,
            -43.0,
            -39.0,
            -38.0,
            -39.0,
            -43.0,
            -41.0,
            -31.0,
            -15.0,
            -1.0,
            7.0,
            17.0,
            36.0,
            61.0,
            89.0,
            116.0,
            143.0,
            168.0,
            189.0,
            204.0,
            213.0,
            221.0,
            231.0,
            239.0,
            242.0,
            240.0,
            237.0,
            229.0,
            221.0,
            213.0,
            208.0,
            205.0,
            204.0,
            200.0,
            197.0,
            194.0,
            192.0,
            189.0,
            183.0,
            173.0,
            164.0,
            152.0,
            141.0,
            130.0
        ]
    }
]