[
    {
        "index": 8683,
        "subsequence": [
            63.0,
            63.0,
            63.0,
            63.0,
            63.0,
            63.0,
            63.0,
            63.0,
            63.0,
            63.0,
            63.0,
            63.0,
            63.0,
            63.0,
            63.0,
            63.0,
            63.0,
            63.0,
            63.0,
            62.8,
            62.0,
            62.0,
            62.0,
            62.0,
            62.0,
            62.0,
            62.0,
            62.0,
            62.0,
            62.0,
            62.0,
            62.0,
            62.0,
            62.0,
            62.0,
            62.0,
            62.0,
            62.0,
            62.0,
            61.8,
            61.0,
            61.0,
            61.0,
            61.0,
            61.0,
            61.0,
            61.0,
            61.0,
            61.0,
            61.0,
            61.0,
            61.0,
            61.0,
            61.0,
            61.0,
            61.0,
            61.0,
            61.0,
            61.0,
            60.6,
            60.0,
            60.0,
            60.0,
            60.0,
            60.0,
            60.0,
            60.0,
            60.0,
            60.0,
            60.0,
            60.0,
            60.0,
            60.0,
            60.0,
            60.0,
            60.0,
            60.0,
            60.0,
            60.0,
            59.2,
            58.0,
            58.0,
            58.0,
            58.0,
            58.0,
            58.0,
            58.0,
            58.0,
            58.0,
            58.0,
            58.0,
            58.0,
            58.0,
            58.0,
            58.0,
            58.0,
            58.0,
            58.0,
            58.0,
            57.6,
            57.0,
            57.0,
            57.0,
            57.0,
            57.0,
            57.0,
            57.0,
            57.0,
            57.0,
            57.0,
            57.0,
            57.0,
            57.0,
            57.0,
            57.0,
            57.0,
            57.0,
            57.0,
            57.0,
            56.6,
            56.0,
            56.0,
            56.0,
            56.0,
            56.0,
            56.0,
            56.0,
            56.0,
            56.0,
            56.0,
            56.0,
            56.0,
            56.0,
            56.0,
            56.0,
            56.0,
            56.0,
            56.0,
            56.0,
            56.0,
            56.0,
            56.0,
            56.0,
            56.0,
            56.0,
            56.0,
            56.0,
            56.0,
            56.0,
            56.0
        ]
    },
    {
        "index": 149,
        "subsequence": [
            105.725,
            105.75,
            105.775,
            105.8,
            105.825,
            105.85,
            105.875,
            105.9,
            105.925,
            105.95,
            105.975,
            106.0,
            106.025,
            106.05,
            106.075,
            106.1,
            106.125,
            106.15,
            106.175,
            106.2,
            106.225,
            106.25,
            106.275,
            106.3,
            106.325,
            106.35,
            106.375,
            106.4,
            106.425,
            106.45,
            106.475,
            106.5,
            106.525,
            106.55,
            106.575,
            106.6,
            106.625,
            106.65,
            106.675,
            106.7,
            106.725,
            106.75,
            106.775,
            106.8,
            106.825,
            106.85,
            106.875,
            106.9,
            106.925,
            106.95,
            106.975,
            107.0,
            107.025,
            107.05,
            107.075,
            107.1,
            107.125,
            107.15,
            107.175,
            107.2,
            107.225,
            107.25,
            107.275,
            107.3,
            107.325,
            107.35,
            107.375,
            107.4,
            107.425,
            107.45,
            107.475,
            107.5,
            107.525,
            107.55,
            107.575,
            107.6,
            107.625,
            107.65,
            107.675,
            107.7,
            107.725,
            107.75,
            107.775,
            107.8,
            107.825,
            107.85,
            107.875,
            107.9,
            107.925,
            107.95,
            107.975,
            108.0,
            108.025,
            108.05,
            108.075,
            108.1,
            108.125,
            108.15,
            108.175,
            108.2,
            108.225,
            108.25,
            108.275,
            108.3,
            108.325,
            108.35,
            108.375,
            108.4,
            108.425,
            108.45,
            108.475,
            108.5,
            108.525,
            108.55,
            108.575,
            108.6,
            108.625,
            108.65,
            108.675,
            108.7,
            108.725,
            108.75,
            108.775,
            108.8,
            108.825,
            108.85,
            108.875,
            108.9,
            108.925,
            108.95,
            108.975,
            109.0,
            109.0,
            109.0,
            109.0,
            109.0,
            109.0,
            109.0,
            109.0,
            109.0,
            109.0,
            109.0,
            109.0,
            109.0,
            109.0,
            109.0,
            109.0,
            109.0,
            109.0,
            109.0
        ]
    },
    {
        "index": 148,
        "subsequence": [
            105.7,
            105.725,
            105.75,
            105.775,
            105.8,
            105.825,
            105.85,
            105.875,
            105.9,
            105.925,
            105.95,
            105.975,
            106.0,
            106.025,
            106.05,
            106.075,
            106.1,
            106.125,
            106.15,
            106.175,
            106.2,
            106.225,
            106.25,
            106.275,
            106.3,
            106.325,
            106.35,
            106.375,
            106.4,
            106.425,
            106.45,
            106.475,
            106.5,
            106.525,
            106.55,
            106.575,
            106.6,
            106.625,
            106.65,
            106.675,
            106.7,
            106.725,
            106.75,
            106.775,
            106.8,
            106.825,
            106.85,
            106.875,
            106.9,
            106.925,
            106.95,
            106.975,
            107.0,
            107.025,
            107.05,
            107.075,
            107.1,
            107.125,
            107.15,
            107.175,
            107.2,
            107.225,
            107.25,
            107.275,
            107.3,
            107.325,
            107.35,
            107.375,
            107.4,
            107.425,
            107.45,
            107.475,
            107.5,
            107.525,
            107.55,
            107.575,
            107.6,
            107.625,
            107.65,
            107.675,
            107.7,
            107.725,
            107.75,
            107.775,
            107.8,
            107.825,
            107.85,
            107.875,
            107.9,
            107.925,
            107.95,
            107.975,
            108.0,
            108.025,
            108.05,
            108.075,
            108.1,
            108.125,
            108.15,
            108.175,
            108.2,
            108.225,
            108.25,
            108.275,
            108.3,
            108.325,
            108.35,
            108.375,
            108.4,
            108.425,
            108.45,
            108.475,
            108.5,
            108.525,
            108.55,
            108.575,
            108.6,
            108.625,
            108.65,
            108.675,
            108.7,
            108.725,
            108.75,
            108.775,
            108.8,
            108.825,
            108.85,
            108.875,
            108.9,
            108.925,
            108.95,
            108.975,
            109.0,
            109.0,
            109.0,
            109.0,
            109.0,
            109.0,
            109.0,
            109.0,
            109.0,
            109.0,
            109.0,
            109.0,
            109.0,
            109.0,
            109.0,
            109.0,
            109.0,
            109.0
        ]
    },
    {
        "index": 150,
        "subsequence": [
            105.75,
            105.775,
            105.8,
            105.825,
            105.85,
            105.875,
            105.9,
            105.925,
            105.95,
            105.975,
            106.0,
            106.025,
            106.05,
            106.075,
            106.1,
            106.125,
            106.15,
            106.175,
            106.2,
            106.225,
            106.25,
            106.275,
            106.3,
            106.325,
            106.35,
            106.375,
            106.4,
            106.425,
            106.45,
            106.475,
            106.5,
            106.525,
            106.55,
            106.575,
            106.6,
            106.625,
            106.65,
            106.675,
            106.7,
            106.725,
            106.75,
            106.775,
            106.8,
            106.825,
            106.85,
            106.875,
            106.9,
            106.925,
            106.95,
            106.975,
            107.0,
            107.025,
            107.05,
            107.075,
            107.1,
            107.125,
            107.15,
            107.175,
            107.2,
            107.225,
            107.25,
            107.275,
            107.3,
            107.325,
            107.35,
            107.375,
            107.4,
            107.425,
            107.45,
            107.475,
            107.5,
            107.525,
            107.55,
            107.575,
            107.6,
            107.625,
            107.65,
            107.675,
            107.7,
            107.725,
            107.75,
            107.775,
            107.8,
            107.825,
            107.85,
            107.875,
            107.9,
            107.925,
            107.95,
            107.975,
            108.0,
            108.025,
            108.05,
            108.075,
            108.1,
            108.125,
            108.15,
            108.175,
            108.2,
            108.225,
            108.25,
            108.275,
            108.3,
            108.325,
            108.35,
            108.375,
            108.4,
            108.425,
            108.45,
            108.475,
            108.5,
            108.525,
            108.55,
            108.575,
            108.6,
            108.625,
            108.65,
            108.675,
            108.7,
            108.725,
            108.75,
            108.775,
            108.8,
            108.825,
            108.85,
            108.875,
            108.9,
            108.925,
            108.95,
            108.975,
            109.0,
            109.0,
            109.0,
            109.0,
            109.0,
            109.0,
            109.0,
            109.0,
            109.0,
            109.0,
            109.0,
            109.0,
            109.0,
            109.0,
            109.0,
            109.0,
            109.0,
            109.0,
            109.0,
            109.0
        ]
    },
    {
        "index": 147,
        "subsequence": [
            105.675,
            105.7,
            105.725,
            105.75,
            105.775,
            105.8,
            105.825,
            105.85,
            105.875,
            105.9,
            105.925,
            105.95,
            105.975,
            106.0,
            106.025,
            106.05,
            106.075,
            106.1,
            106.125,
            106.15,
            106.175,
            106.2,
            106.225,
            106.25,
            106.275,
            106.3,
            106.325,
            106.35,
            106.375,
            106.4,
            106.425,
            106.45,
            106.475,
            106.5,
            106.525,
            106.55,
            106.575,
            106.6,
            106.625,
            106.65,
            106.675,
            106.7,
            106.725,
            106.75,
            106.775,
            106.8,
            106.825,
            106.85,
            106.875,
            106.9,
            106.925,
            106.95,
            106.975,
            107.0,
            107.025,
            107.05,
            107.075,
            107.1,
            107.125,
            107.15,
            107.175,
            107.2,
            107.225,
            107.25,
            107.275,
            107.3,
            107.325,
            107.35,
            107.375,
            107.4,
            107.425,
            107.45,
            107.475,
            107.5,
            107.525,
            107.55,
            107.575,
            107.6,
            107.625,
            107.65,
            107.675,
            107.7,
            107.725,
            107.75,
            107.775,
            107.8,
            107.825,
            107.85,
            107.875,
            107.9,
            107.925,
            107.95,
            107.975,
            108.0,
            108.025,
            108.05,
            108.075,
            108.1,
            108.125,
            108.15,
            108.175,
            108.2,
            108.225,
            108.25,
            108.275,
            108.3,
            108.325,
            108.35,
            108.375,
            108.4,
            108.425,
            108.45,
            108.475,
            108.5,
            108.525,
            108.55,
            108.575,
            108.6,
            108.625,
            108.65,
            108.675,
            108.7,
            108.725,
            108.75,
            108.775,
            108.8,
            108.825,
            108.85,
            108.875,
            108.9,
            108.925,
            108.95,
            108.975,
            109.0,
            109.0,
            109.0,
            109.0,
            109.0,
            109.0,
            109.0,
            109.0,
            109.0,
            109.0,
            109.0,
            109.0,
            109.0,
            109.0,
            109.0,
            109.0,
            109.0
        ]
    }
]