[
    {
        "index": 1232,
        "subsequence": [
            57.0,
            71.0,
            81.0,
            88.0,
            91.0,
            91.0,
            88.0,
            82.0,
            74.0,
            66.0,
            56.0,
            44.0,
            31.0,
            16.0,
            0.0,
            -16.0,
            -31.0,
            -45.0,
            -56.0,
            -63.0,
            -65.0,
            -63.0,
            -57.0,
            -44.0,
            -26.0,
            -2.0,
            27.0,
            60.0,
            95.0,
            131.0,
            167.0,
            201.0,
            233.0,
            261.0,
            281.0,
            295.0,
            307.0,
            316.0,
            320.0,
            320.0,
            316.0,
            307.0,
            295.0,
            280.0,
            263.0,
            244.0,
            225.0,
            207.0,
            187.0,
            168.0,
            150.0,
            134.0,
            119.0,
            107.0,
            96.0,
            85.0,
            75.0,
            66.0,
            57.0,
            50.0,
            44.0,
            38.0,
            33.0,
            29.0,
            26.0,
            24.0,
            23.0,
            22.0,
            22.0,
            21.0,
            20.0,
            19.0,
            31.0,
            50.0,
            57.0,
            59.0,
            57.0,
            54.0,
            49.0,
            44.0,
            38.0,
            31.0,
            24.0,
            17.0,
            11.0,
            6.0,
            3.0,
            0.0,
            0.0,
            2.0,
            7.0,
            15.0,
            26.0,
            39.0,
            53.0,
            68.0,
            81.0,
            94.0,
            107.0,
            122.0,
            136.0,
            150.0,
            163.0,
            176.0,
            189.0,
            200.0,
            210.0,
            218.0,
            224.0,
            227.0,
            227.0,
            226.0,
            223.0,
            218.0,
            211.0,
            201.0,
            190.0,
            177.0,
            164.0,
            151.0,
            138.0,
            127.0,
            117.0,
            108.0,
            100.0,
            94.0,
            91.0,
            92.0,
            96.0,
            104.0,
            114.0,
            127.0,
            140.0,
            154.0,
            165.0,
            174.0,
            183.0,
            190.0,
            196.0,
            199.0,
            200.0,
            198.0,
            194.0,
            187.0,
            177.0,
            165.0,
            154.0,
            141.0,
            127.0,
            111.0
        ]
    },
    {
        "index": 1171,
        "subsequence": [
            111.0,
            95.0,
            76.0,
            55.0,
            32.0,
            8.0,
            -18.0,
            -44.0,
            -67.0,
            -88.0,
            -113.0,
            -138.0,
            -164.0,
            -188.0,
            -213.0,
            -236.0,
            -259.0,
            -282.0,
            -303.0,
            -323.0,
            -339.0,
            -352.0,
            -368.0,
            -383.0,
            -399.0,
            -416.0,
            -431.0,
            -446.0,
            -460.0,
            -473.0,
            -485.0,
            -496.0,
            -504.0,
            -508.0,
            -510.0,
            -511.0,
            -512.0,
            -512.0,
            -512.0,
            -512.0,
            -512.0,
            -512.0,
            -512.0,
            -509.0,
            -498.0,
            -482.0,
            -461.0,
            -434.0,
            -400.0,
            -362.0,
            -320.0,
            -275.0,
            -230.0,
            -185.0,
            -142.0,
            -101.0,
            -64.0,
            -30.0,
            -3.0,
            19.0,
            39.0,
            57.0,
            71.0,
            81.0,
            88.0,
            91.0,
            91.0,
            88.0,
            82.0,
            74.0,
            66.0,
            56.0,
            44.0,
            31.0,
            16.0,
            0.0,
            -16.0,
            -31.0,
            -45.0,
            -56.0,
            -63.0,
            -65.0,
            -63.0,
            -57.0,
            -44.0,
            -26.0,
            -2.0,
            27.0,
            60.0,
            95.0,
            131.0,
            167.0,
            201.0,
            233.0,
            261.0,
            281.0,
            295.0,
            307.0,
            316.0,
            320.0,
            320.0,
            316.0,
            307.0,
            295.0,
            280.0,
            263.0,
            244.0,
            225.0,
            207.0,
            187.0,
            168.0,
            150.0,
            134.0,
            119.0,
            107.0,
            96.0,
            85.0,
            75.0,
            66.0,
            57.0,
            50.0,
            44.0,
            38.0,
            33.0,
            29.0,
            26.0,
            24.0,
            23.0,
            22.0,
            22.0,
            21.0,
            20.0,
            19.0,
            31.0,
            50.0,
            57.0,
            59.0,
            57.0,
            54.0,
            49.0,
            44.0,
            38.0,
            31.0,
            24.0,
            17.0,
            11.0,
            6.0,
            3.0,
            0.0,
            0.0
        ]
    },
    {
        "index": 1431,
        "subsequence": [
            181.0,
            197.0,
            211.0,
            223.0,
            232.0,
            240.0,
            246.0,
            250.0,
            253.0,
            253.0,
            252.0,
            249.0,
            244.0,
            238.0,
            231.0,
            221.0,
            210.0,
            199.0,
            186.0,
            174.0,
            161.0,
            148.0,
            137.0,
            128.0,
            117.0,
            108.0,
            100.0,
            95.0,
            93.0,
            93.0,
            97.0,
            105.0,
            115.0,
            128.0,
            143.0,
            156.0,
            169.0,
            183.0,
            197.0,
            209.0,
            220.0,
            227.0,
            232.0,
            234.0,
            233.0,
            229.0,
            223.0,
            216.0,
            207.0,
            197.0,
            185.0,
            172.0,
            159.0,
            145.0,
            132.0,
            120.0,
            108.0,
            97.0,
            87.0,
            80.0,
            74.0,
            68.0,
            63.0,
            58.0,
            55.0,
            54.0,
            53.0,
            53.0,
            54.0,
            55.0,
            56.0,
            57.0,
            57.0,
            57.0,
            57.0,
            55.0,
            53.0,
            49.0,
            45.0,
            40.0,
            35.0,
            29.0,
            23.0,
            18.0,
            13.0,
            10.0,
            8.0,
            8.0,
            10.0,
            14.0,
            22.0,
            33.0,
            47.0,
            63.0,
            82.0,
            102.0,
            123.0,
            141.0,
            158.0,
            176.0,
            194.0,
            210.0,
            225.0,
            238.0,
            249.0,
            257.0,
            263.0,
            267.0,
            269.0,
            268.0,
            265.0,
            261.0,
            256.0,
            249.0,
            240.0,
            230.0,
            219.0,
            207.0,
            194.0,
            181.0,
            168.0,
            154.0,
            143.0,
            133.0,
            123.0,
            113.0,
            106.0,
            100.0,
            97.0,
            67.0,
            25.0,
            12.0,
            15.0,
            28.0,
            43.0,
            60.0,
            82.0,
            105.0,
            128.0,
            150.0,
            168.0,
            183.0,
            193.0,
            200.0,
            202.0,
            200.0,
            194.0,
            186.0,
            175.0,
            162.0
        ]
    },
    {
        "index": 1250,
        "subsequence": [
            -56.0,
            -63.0,
            -65.0,
            -63.0,
            -57.0,
            -44.0,
            -26.0,
            -2.0,
            27.0,
            60.0,
            95.0,
            131.0,
            167.0,
            201.0,
            233.0,
            261.0,
            281.0,
            295.0,
            307.0,
            316.0,
            320.0,
            320.0,
            316.0,
            307.0,
            295.0,
            280.0,
            263.0,
            244.0,
            225.0,
            207.0,
            187.0,
            168.0,
            150.0,
            134.0,
            119.0,
            107.0,
            96.0,
            85.0,
            75.0,
            66.0,
            57.0,
            50.0,
            44.0,
            38.0,
            33.0,
            29.0,
            26.0,
            24.0,
            23.0,
            22.0,
            22.0,
            21.0,
            20.0,
            19.0,
            31.0,
            50.0,
            57.0,
            59.0,
            57.0,
            54.0,
            49.0,
            44.0,
            38.0,
            31.0,
            24.0,
            17.0,
            11.0,
            6.0,
            3.0,
            0.0,
            0.0,
            2.0,
            7.0,
            15.0,
            26.0,
            39.0,
            53.0,
            68.0,
            81.0,
            94.0,
            107.0,
            122.0,
            136.0,
            150.0,
            163.0,
            176.0,
            189.0,
            200.0,
            210.0,
            218.0,
            224.0,
            227.0,
            227.0,
            226.0,
            223.0,
            218.0,
            211.0,
            201.0,
            190.0,
            177.0,
            164.0,
            151.0,
            138.0,
            127.0,
            117.0,
            108.0,
            100.0,
            94.0,
            91.0,
            92.0,
            96.0,
            104.0,
            114.0,
            127.0,
            140.0,
            154.0,
            165.0,
            174.0,
            183.0,
            190.0,
            196.0,
            199.0,
            200.0,
            198.0,
            194.0,
            187.0,
            177.0,
            165.0,
            154.0,
            141.0,
            127.0,
            111.0,
            94.0,
            77.0,
            60.0,
            44.0,
            29.0,
            14.0,
            1.0,
            -11.0,
            -21.0,
            -29.0,
            -34.0,
            -39.0,
            -42.0,
            -43.0,
            -42.0,
            -39.0,
            -34.0,
            -27.0
        ]
    },
    {
        "index": 1393,
        "subsequence": [
            -39.0,
            -42.0,
            -43.0,
            -42.0,
            -39.0,
            -34.0,
            -27.0,
            -20.0,
            -11.0,
            -3.0,
            4.0,
            10.0,
            15.0,
            18.0,
            20.0,
            19.0,
            17.0,
            13.0,
            7.0,
            1.0,
            -6.0,
            -14.0,
            -20.0,
            -24.0,
            -26.0,
            -26.0,
            -23.0,
            -17.0,
            -6.0,
            8.0,
            25.0,
            44.0,
            65.0,
            88.0,
            110.0,
            129.0,
            146.0,
            164.0,
            181.0,
            197.0,
            211.0,
            223.0,
            232.0,
            240.0,
            246.0,
            250.0,
            253.0,
            253.0,
            252.0,
            249.0,
            244.0,
            238.0,
            231.0,
            221.0,
            210.0,
            199.0,
            186.0,
            174.0,
            161.0,
            148.0,
            137.0,
            128.0,
            117.0,
            108.0,
            100.0,
            95.0,
            93.0,
            93.0,
            97.0,
            105.0,
            115.0,
            128.0,
            143.0,
            156.0,
            169.0,
            183.0,
            197.0,
            209.0,
            220.0,
            227.0,
            232.0,
            234.0,
            233.0,
            229.0,
            223.0,
            216.0,
            207.0,
            197.0,
            185.0,
            172.0,
            159.0,
            145.0,
            132.0,
            120.0,
            108.0,
            97.0,
            87.0,
            80.0,
            74.0,
            68.0,
            63.0,
            58.0,
            55.0,
            54.0,
            53.0,
            53.0,
            54.0,
            55.0,
            56.0,
            57.0,
            57.0,
            57.0,
            57.0,
            55.0,
            53.0,
            49.0,
            45.0,
            40.0,
            35.0,
            29.0,
            23.0,
            18.0,
            13.0,
            10.0,
            8.0,
            8.0,
            10.0,
            14.0,
            22.0,
            33.0,
            47.0,
            63.0,
            82.0,
            102.0,
            123.0,
            141.0,
            158.0,
            176.0,
            194.0,
            210.0,
            225.0,
            238.0,
            249.0,
            257.0,
            263.0,
            267.0,
            269.0,
            268.0,
            265.0,
            261.0
        ]
    }
]